registros,natureza,municipio,cod_municipio,mes,ano,risp,rmbh
3,Estupro Consumado,UBERLANDIA,317020,1,2019,9,NÃO
5,Estupro de Vulnerável Consumado,UBERLANDIA,317020,1,2019,9,NÃO
1,Estupro de Vulnerável Tentado,UBERLANDIA,317020,1,2019,9,NÃO
1,Estupro Tentado,UBERLANDIA,317020,1,2019,9,NÃO
0,Extorsão Consumado,UBERLANDIA,317020,1,2019,9,NÃO
0,Extorsão Mediante Sequestro Consumado,UBERLANDIA,317020,1,2019,9,NÃO
2,Extorsão Tentado,UBERLANDIA,317020,1,2019,9,NÃO
5,Homicídio Tentado,UBERLANDIA,317020,1,2019,9,NÃO
231,Roubo Consumado,UBERLANDIA,317020,1,2019,9,NÃO
15,Roubo Tentado,UBERLANDIA,317020,1,2019,9,NÃO
0,Sequestro e Cárcere Privado Consumado,UBERLANDIA,317020,1,2019,9,NÃO
0,Sequestro e Cárcere Privado Tentado,UBERLANDIA,317020,1,2019,9,NÃO
3,Estupro Consumado,UBERLANDIA,317020,2,2019,9,NÃO
3,Estupro de Vulnerável Consumado,UBERLANDIA,317020,2,2019,9,NÃO
0,Estupro de Vulnerável Tentado,UBERLANDIA,317020,2,2019,9,NÃO
0,Estupro Tentado,UBERLANDIA,317020,2,2019,9,NÃO
1,Extorsão Consumado,UBERLANDIA,317020,2,2019,9,NÃO
0,Extorsão Mediante Sequestro Consumado,UBERLANDIA,317020,2,2019,9,NÃO
1,Extorsão Tentado,UBERLANDIA,317020,2,2019,9,NÃO
9,Homicídio Tentado,UBERLANDIA,317020,2,2019,9,NÃO
244,Roubo Consumado,UBERLANDIA,317020,2,2019,9,NÃO
12,Roubo Tentado,UBERLANDIA,317020,2,2019,9,NÃO
0,Sequestro e Cárcere Privado Consumado,UBERLANDIA,317020,2,2019,9,NÃO
0,Sequestro e Cárcere Privado Tentado,UBERLANDIA,317020,2,2019,9,NÃO
4,Estupro Consumado,UBERLANDIA,317020,3,2019,9,NÃO
5,Estupro de Vulnerável Consumado,UBERLANDIA,317020,3,2019,9,NÃO
0,Estupro de Vulnerável Tentado,UBERLANDIA,317020,3,2019,9,NÃO
0,Estupro Tentado,UBERLANDIA,317020,3,2019,9,NÃO
1,Extorsão Consumado,UBERLANDIA,317020,3,2019,9,NÃO
1,Extorsão Mediante Sequestro Consumado,UBERLANDIA,317020,3,2019,9,NÃO
0,Extorsão Tentado,UBERLANDIA,317020,3,2019,9,NÃO
3,Homicídio Tentado,UBERLANDIA,317020,3,2019,9,NÃO
285,Roubo Consumado,UBERLANDIA,317020,3,2019,9,NÃO
17,Roubo Tentado,UBERLANDIA,317020,3,2019,9,NÃO
0,Sequestro e Cárcere Privado Consumado,UBERLANDIA,317020,3,2019,9,NÃO
0,Sequestro e Cárcere Privado Tentado,UBERLANDIA,317020,3,2019,9,NÃO
4,Estupro Consumado,UBERLANDIA,317020,4,2019,9,NÃO
5,Estupro de Vulnerável Consumado,UBERLANDIA,317020,4,2019,9,NÃO
0,Estupro de Vulnerável Tentado,UBERLANDIA,317020,4,2019,9,NÃO
0,Estupro Tentado,UBERLANDIA,317020,4,2019,9,NÃO
3,Extorsão Consumado,UBERLANDIA,317020,4,2019,9,NÃO
0,Extorsão Mediante Sequestro Consumado,UBERLANDIA,317020,4,2019,9,NÃO
0,Extorsão Tentado,UBERLANDIA,317020,4,2019,9,NÃO
8,Homicídio Tentado,UBERLANDIA,317020,4,2019,9,NÃO
252,Roubo Consumado,UBERLANDIA,317020,4,2019,9,NÃO
12,Roubo Tentado,UBERLANDIA,317020,4,2019,9,NÃO
1,Sequestro e Cárcere Privado Consumado,UBERLANDIA,317020,4,2019,9,NÃO
0,Sequestro e Cárcere Privado Tentado,UBERLANDIA,317020,4,2019,9,NÃO
3,Estupro Consumado,UBERLANDIA,317020,5,2019,9,NÃO
4,Estupro de Vulnerável Consumado,UBERLANDIA,317020,5,2019,9,NÃO
0,Estupro de Vulnerável Tentado,UBERLANDIA,317020,5,2019,9,NÃO
1,Estupro Tentado,UBERLANDIA,317020,5,2019,9,NÃO
2,Extorsão Consumado,UBERLANDIA,317020,5,2019,9,NÃO
0,Extorsão Mediante Sequestro Consumado,UBERLANDIA,317020,5,2019,9,NÃO
0,Extorsão Tentado,UBERLANDIA,317020,5,2019,9,NÃO
5,Homicídio Tentado,UBERLANDIA,317020,5,2019,9,NÃO
248,Roubo Consumado,UBERLANDIA,317020,5,2019,9,NÃO
24,Roubo Tentado,UBERLANDIA,317020,5,2019,9,NÃO
3,Sequestro e Cárcere Privado Consumado,UBERLANDIA,317020,5,2019,9,NÃO
0,Sequestro e Cárcere Privado Tentado,UBERLANDIA,317020,5,2019,9,NÃO
2,Estupro Consumado,UBERLANDIA,317020,6,2019,9,NÃO
8,Estupro de Vulnerável Consumado,UBERLANDIA,317020,6,2019,9,NÃO
0,Estupro de Vulnerável Tentado,UBERLANDIA,317020,6,2019,9,NÃO
0,Estupro Tentado,UBERLANDIA,317020,6,2019,9,NÃO
2,Extorsão Consumado,UBERLANDIA,317020,6,2019,9,NÃO
1,Extorsão Mediante Sequestro Consumado,UBERLANDIA,317020,6,2019,9,NÃO
0,Extorsão Tentado,UBERLANDIA,317020,6,2019,9,NÃO
4,Homicídio Tentado,UBERLANDIA,317020,6,2019,9,NÃO
258,Roubo Consumado,UBERLANDIA,317020,6,2019,9,NÃO
17,Roubo Tentado,UBERLANDIA,317020,6,2019,9,NÃO
0,Sequestro e Cárcere Privado Consumado,UBERLANDIA,317020,6,2019,9,NÃO
0,Sequestro e Cárcere Privado Tentado,UBERLANDIA,317020,6,2019,9,NÃO
2,Estupro Consumado,UBERLANDIA,317020,7,2019,9,NÃO
3,Estupro de Vulnerável Consumado,UBERLANDIA,317020,7,2019,9,NÃO
0,Estupro de Vulnerável Tentado,UBERLANDIA,317020,7,2019,9,NÃO
0,Estupro Tentado,UBERLANDIA,317020,7,2019,9,NÃO
1,Extorsão Consumado,UBERLANDIA,317020,7,2019,9,NÃO
1,Extorsão Mediante Sequestro Consumado,UBERLANDIA,317020,7,2019,9,NÃO
0,Extorsão Tentado,UBERLANDIA,317020,7,2019,9,NÃO
6,Homicídio Tentado,UBERLANDIA,317020,7,2019,9,NÃO
217,Roubo Consumado,UBERLANDIA,317020,7,2019,9,NÃO
24,Roubo Tentado,UBERLANDIA,317020,7,2019,9,NÃO
1,Sequestro e Cárcere Privado Consumado,UBERLANDIA,317020,7,2019,9,NÃO
0,Sequestro e Cárcere Privado Tentado,UBERLANDIA,317020,7,2019,9,NÃO
1,Estupro Consumado,UBERLANDIA,317020,8,2019,9,NÃO
5,Estupro de Vulnerável Consumado,UBERLANDIA,317020,8,2019,9,NÃO
0,Estupro de Vulnerável Tentado,UBERLANDIA,317020,8,2019,9,NÃO
0,Estupro Tentado,UBERLANDIA,317020,8,2019,9,NÃO
1,Extorsão Consumado,UBERLANDIA,317020,8,2019,9,NÃO
0,Extorsão Mediante Sequestro Consumado,UBERLANDIA,317020,8,2019,9,NÃO
0,Extorsão Tentado,UBERLANDIA,317020,8,2019,9,NÃO
0,Homicídio Tentado,UBERLANDIA,317020,8,2019,9,NÃO
230,Roubo Consumado,UBERLANDIA,317020,8,2019,9,NÃO
8,Roubo Tentado,UBERLANDIA,317020,8,2019,9,NÃO
1,Sequestro e Cárcere Privado Consumado,UBERLANDIA,317020,8,2019,9,NÃO
0,Sequestro e Cárcere Privado Tentado,UBERLANDIA,317020,8,2019,9,NÃO
3,Estupro Consumado,UBERLANDIA,317020,9,2019,9,NÃO
9,Estupro de Vulnerável Consumado,UBERLANDIA,317020,9,2019,9,NÃO
1,Estupro de Vulnerável Tentado,UBERLANDIA,317020,9,2019,9,NÃO
0,Estupro Tentado,UBERLANDIA,317020,9,2019,9,NÃO
0,Extorsão Consumado,UBERLANDIA,317020,9,2019,9,NÃO
0,Extorsão Mediante Sequestro Consumado,UBERLANDIA,317020,9,2019,9,NÃO
0,Extorsão Tentado,UBERLANDIA,317020,9,2019,9,NÃO
10,Homicídio Tentado,UBERLANDIA,317020,9,2019,9,NÃO
215,Roubo Consumado,UBERLANDIA,317020,9,2019,9,NÃO
17,Roubo Tentado,UBERLANDIA,317020,9,2019,9,NÃO
0,Sequestro e Cárcere Privado Consumado,UBERLANDIA,317020,9,2019,9,NÃO
0,Sequestro e Cárcere Privado Tentado,UBERLANDIA,317020,9,2019,9,NÃO
2,Estupro Consumado,UBERLANDIA,317020,10,2019,9,NÃO
4,Estupro de Vulnerável Consumado,UBERLANDIA,317020,10,2019,9,NÃO
0,Estupro de Vulnerável Tentado,UBERLANDIA,317020,10,2019,9,NÃO
1,Estupro Tentado,UBERLANDIA,317020,10,2019,9,NÃO
1,Extorsão Consumado,UBERLANDIA,317020,10,2019,9,NÃO
0,Extorsão Mediante Sequestro Consumado,UBERLANDIA,317020,10,2019,9,NÃO
3,Extorsão Tentado,UBERLANDIA,317020,10,2019,9,NÃO
9,Homicídio Tentado,UBERLANDIA,317020,10,2019,9,NÃO
254,Roubo Consumado,UBERLANDIA,317020,10,2019,9,NÃO
18,Roubo Tentado,UBERLANDIA,317020,10,2019,9,NÃO
0,Sequestro e Cárcere Privado Consumado,UBERLANDIA,317020,10,2019,9,NÃO
0,Sequestro e Cárcere Privado Tentado,UBERLANDIA,317020,10,2019,9,NÃO
2,Estupro Consumado,UBERLANDIA,317020,11,2019,9,NÃO
6,Estupro de Vulnerável Consumado,UBERLANDIA,317020,11,2019,9,NÃO
0,Estupro de Vulnerável Tentado,UBERLANDIA,317020,11,2019,9,NÃO
0,Estupro Tentado,UBERLANDIA,317020,11,2019,9,NÃO
2,Extorsão Consumado,UBERLANDIA,317020,11,2019,9,NÃO
0,Extorsão Mediante Sequestro Consumado,UBERLANDIA,317020,11,2019,9,NÃO
4,Extorsão Tentado,UBERLANDIA,317020,11,2019,9,NÃO
10,Homicídio Tentado,UBERLANDIA,317020,11,2019,9,NÃO
233,Roubo Consumado,UBERLANDIA,317020,11,2019,9,NÃO
8,Roubo Tentado,UBERLANDIA,317020,11,2019,9,NÃO
0,Sequestro e Cárcere Privado Consumado,UBERLANDIA,317020,11,2019,9,NÃO
0,Sequestro e Cárcere Privado Tentado,UBERLANDIA,317020,11,2019,9,NÃO
4,Estupro Consumado,UBERLANDIA,317020,12,2019,9,NÃO
10,Estupro de Vulnerável Consumado,UBERLANDIA,317020,12,2019,9,NÃO
0,Estupro de Vulnerável Tentado,UBERLANDIA,317020,12,2019,9,NÃO
0,Estupro Tentado,UBERLANDIA,317020,12,2019,9,NÃO
1,Extorsão Consumado,UBERLANDIA,317020,12,2019,9,NÃO
0,Extorsão Mediante Sequestro Consumado,UBERLANDIA,317020,12,2019,9,NÃO
0,Extorsão Tentado,UBERLANDIA,317020,12,2019,9,NÃO
9,Homicídio Tentado,UBERLANDIA,317020,12,2019,9,NÃO
226,Roubo Consumado,UBERLANDIA,317020,12,2019,9,NÃO
18,Roubo Tentado,UBERLANDIA,317020,12,2019,9,NÃO
0,Sequestro e Cárcere Privado Consumado,UBERLANDIA,317020,12,2019,9,NÃO
0,Sequestro e Cárcere Privado Tentado,UBERLANDIA,317020,12,2019,9,NÃO
6,Homicídio Consumado (Registros),UBERLANDIA,317020,1,2019,9,NÃO
7,Homicídio Consumado (Registros),UBERLANDIA,317020,2,2019,9,NÃO
3,Homicídio Consumado (Registros),UBERLANDIA,317020,3,2019,9,NÃO
0,Homicídio Consumado (Registros),UBERLANDIA,317020,4,2019,9,NÃO
7,Homicídio Consumado (Registros),UBERLANDIA,317020,5,2019,9,NÃO
4,Homicídio Consumado (Registros),UBERLANDIA,317020,6,2019,9,NÃO
3,Homicídio Consumado (Registros),UBERLANDIA,317020,7,2019,9,NÃO
8,Homicídio Consumado (Registros),UBERLANDIA,317020,8,2019,9,NÃO
7,Homicídio Consumado (Registros),UBERLANDIA,317020,9,2019,9,NÃO
4,Homicídio Consumado (Registros),UBERLANDIA,317020,10,2019,9,NÃO
5,Homicídio Consumado (Registros),UBERLANDIA,317020,11,2019,9,NÃO
3,Homicídio Consumado (Registros),UBERLANDIA,317020,12,2019,9,NÃO
2,Estupro Consumado,UBERLANDIA,317020,1,2020,9,NÃO
6,Estupro de Vulnerável Consumado,UBERLANDIA,317020,1,2020,9,NÃO
0,Estupro de Vulnerável Tentado,UBERLANDIA,317020,1,2020,9,NÃO
1,Estupro Tentado,UBERLANDIA,317020,1,2020,9,NÃO
2,Extorsão Consumado,UBERLANDIA,317020,1,2020,9,NÃO
0,Extorsão Mediante Sequestro Consumado,UBERLANDIA,317020,1,2020,9,NÃO
1,Extorsão Tentado,UBERLANDIA,317020,1,2020,9,NÃO
7,Homicídio Tentado,UBERLANDIA,317020,1,2020,9,NÃO
190,Roubo Consumado,UBERLANDIA,317020,1,2020,9,NÃO
11,Roubo Tentado,UBERLANDIA,317020,1,2020,9,NÃO
2,Sequestro e Cárcere Privado Consumado,UBERLANDIA,317020,1,2020,9,NÃO
0,Sequestro e Cárcere Privado Tentado,UBERLANDIA,317020,1,2020,9,NÃO
2,Estupro Consumado,UBERLANDIA,317020,2,2020,9,NÃO
2,Estupro de Vulnerável Consumado,UBERLANDIA,317020,2,2020,9,NÃO
0,Estupro de Vulnerável Tentado,UBERLANDIA,317020,2,2020,9,NÃO
1,Estupro Tentado,UBERLANDIA,317020,2,2020,9,NÃO
1,Extorsão Consumado,UBERLANDIA,317020,2,2020,9,NÃO
0,Extorsão Mediante Sequestro Consumado,UBERLANDIA,317020,2,2020,9,NÃO
0,Extorsão Tentado,UBERLANDIA,317020,2,2020,9,NÃO
6,Homicídio Tentado,UBERLANDIA,317020,2,2020,9,NÃO
187,Roubo Consumado,UBERLANDIA,317020,2,2020,9,NÃO
14,Roubo Tentado,UBERLANDIA,317020,2,2020,9,NÃO
1,Sequestro e Cárcere Privado Consumado,UBERLANDIA,317020,2,2020,9,NÃO
0,Sequestro e Cárcere Privado Tentado,UBERLANDIA,317020,2,2020,9,NÃO
2,Estupro Consumado,UBERLANDIA,317020,3,2020,9,NÃO
6,Estupro de Vulnerável Consumado,UBERLANDIA,317020,3,2020,9,NÃO
0,Estupro de Vulnerável Tentado,UBERLANDIA,317020,3,2020,9,NÃO
1,Estupro Tentado,UBERLANDIA,317020,3,2020,9,NÃO
0,Extorsão Consumado,UBERLANDIA,317020,3,2020,9,NÃO
0,Extorsão Mediante Sequestro Consumado,UBERLANDIA,317020,3,2020,9,NÃO
0,Extorsão Tentado,UBERLANDIA,317020,3,2020,9,NÃO
3,Homicídio Tentado,UBERLANDIA,317020,3,2020,9,NÃO
187,Roubo Consumado,UBERLANDIA,317020,3,2020,9,NÃO
9,Roubo Tentado,UBERLANDIA,317020,3,2020,9,NÃO
1,Sequestro e Cárcere Privado Consumado,UBERLANDIA,317020,3,2020,9,NÃO
0,Sequestro e Cárcere Privado Tentado,UBERLANDIA,317020,3,2020,9,NÃO
1,Estupro Consumado,UBERLANDIA,317020,4,2020,9,NÃO
2,Estupro de Vulnerável Consumado,UBERLANDIA,317020,4,2020,9,NÃO
0,Estupro de Vulnerável Tentado,UBERLANDIA,317020,4,2020,9,NÃO
0,Estupro Tentado,UBERLANDIA,317020,4,2020,9,NÃO
1,Extorsão Consumado,UBERLANDIA,317020,4,2020,9,NÃO
0,Extorsão Mediante Sequestro Consumado,UBERLANDIA,317020,4,2020,9,NÃO
0,Extorsão Tentado,UBERLANDIA,317020,4,2020,9,NÃO
4,Homicídio Tentado,UBERLANDIA,317020,4,2020,9,NÃO
153,Roubo Consumado,UBERLANDIA,317020,4,2020,9,NÃO
13,Roubo Tentado,UBERLANDIA,317020,4,2020,9,NÃO
0,Sequestro e Cárcere Privado Consumado,UBERLANDIA,317020,4,2020,9,NÃO
0,Sequestro e Cárcere Privado Tentado,UBERLANDIA,317020,4,2020,9,NÃO
2,Estupro Consumado,UBERLANDIA,317020,5,2020,9,NÃO
5,Estupro de Vulnerável Consumado,UBERLANDIA,317020,5,2020,9,NÃO
0,Estupro de Vulnerável Tentado,UBERLANDIA,317020,5,2020,9,NÃO
0,Estupro Tentado,UBERLANDIA,317020,5,2020,9,NÃO
0,Extorsão Consumado,UBERLANDIA,317020,5,2020,9,NÃO
0,Extorsão Mediante Sequestro Consumado,UBERLANDIA,317020,5,2020,9,NÃO
1,Extorsão Tentado,UBERLANDIA,317020,5,2020,9,NÃO
2,Homicídio Tentado,UBERLANDIA,317020,5,2020,9,NÃO
127,Roubo Consumado,UBERLANDIA,317020,5,2020,9,NÃO
17,Roubo Tentado,UBERLANDIA,317020,5,2020,9,NÃO
2,Sequestro e Cárcere Privado Consumado,UBERLANDIA,317020,5,2020,9,NÃO
0,Sequestro e Cárcere Privado Tentado,UBERLANDIA,317020,5,2020,9,NÃO
1,Estupro Consumado,UBERLANDIA,317020,6,2020,9,NÃO
3,Estupro de Vulnerável Consumado,UBERLANDIA,317020,6,2020,9,NÃO
0,Estupro de Vulnerável Tentado,UBERLANDIA,317020,6,2020,9,NÃO
0,Estupro Tentado,UBERLANDIA,317020,6,2020,9,NÃO
2,Extorsão Consumado,UBERLANDIA,317020,6,2020,9,NÃO
0,Extorsão Mediante Sequestro Consumado,UBERLANDIA,317020,6,2020,9,NÃO
0,Extorsão Tentado,UBERLANDIA,317020,6,2020,9,NÃO
1,Homicídio Tentado,UBERLANDIA,317020,6,2020,9,NÃO
125,Roubo Consumado,UBERLANDIA,317020,6,2020,9,NÃO
6,Roubo Tentado,UBERLANDIA,317020,6,2020,9,NÃO
0,Sequestro e Cárcere Privado Consumado,UBERLANDIA,317020,6,2020,9,NÃO
0,Sequestro e Cárcere Privado Tentado,UBERLANDIA,317020,6,2020,9,NÃO
1,Estupro Consumado,UBERLANDIA,317020,7,2020,9,NÃO
4,Estupro de Vulnerável Consumado,UBERLANDIA,317020,7,2020,9,NÃO
0,Estupro de Vulnerável Tentado,UBERLANDIA,317020,7,2020,9,NÃO
0,Estupro Tentado,UBERLANDIA,317020,7,2020,9,NÃO
1,Extorsão Consumado,UBERLANDIA,317020,7,2020,9,NÃO
1,Extorsão Mediante Sequestro Consumado,UBERLANDIA,317020,7,2020,9,NÃO
0,Extorsão Tentado,UBERLANDIA,317020,7,2020,9,NÃO
1,Homicídio Tentado,UBERLANDIA,317020,7,2020,9,NÃO
86,Roubo Consumado,UBERLANDIA,317020,7,2020,9,NÃO
11,Roubo Tentado,UBERLANDIA,317020,7,2020,9,NÃO
0,Sequestro e Cárcere Privado Consumado,UBERLANDIA,317020,7,2020,9,NÃO
0,Sequestro e Cárcere Privado Tentado,UBERLANDIA,317020,7,2020,9,NÃO
8,Estupro Consumado,UBERLANDIA,317020,8,2020,9,NÃO
7,Estupro de Vulnerável Consumado,UBERLANDIA,317020,8,2020,9,NÃO
0,Estupro de Vulnerável Tentado,UBERLANDIA,317020,8,2020,9,NÃO
0,Estupro Tentado,UBERLANDIA,317020,8,2020,9,NÃO
0,Extorsão Consumado,UBERLANDIA,317020,8,2020,9,NÃO
0,Extorsão Mediante Sequestro Consumado,UBERLANDIA,317020,8,2020,9,NÃO
0,Extorsão Tentado,UBERLANDIA,317020,8,2020,9,NÃO
6,Homicídio Tentado,UBERLANDIA,317020,8,2020,9,NÃO
86,Roubo Consumado,UBERLANDIA,317020,8,2020,9,NÃO
7,Roubo Tentado,UBERLANDIA,317020,8,2020,9,NÃO
1,Sequestro e Cárcere Privado Consumado,UBERLANDIA,317020,8,2020,9,NÃO
0,Sequestro e Cárcere Privado Tentado,UBERLANDIA,317020,8,2020,9,NÃO
3,Estupro Consumado,UBERLANDIA,317020,9,2020,9,NÃO
7,Estupro de Vulnerável Consumado,UBERLANDIA,317020,9,2020,9,NÃO
0,Estupro de Vulnerável Tentado,UBERLANDIA,317020,9,2020,9,NÃO
1,Estupro Tentado,UBERLANDIA,317020,9,2020,9,NÃO
1,Extorsão Consumado,UBERLANDIA,317020,9,2020,9,NÃO
1,Extorsão Mediante Sequestro Consumado,UBERLANDIA,317020,9,2020,9,NÃO
1,Extorsão Tentado,UBERLANDIA,317020,9,2020,9,NÃO
3,Homicídio Tentado,UBERLANDIA,317020,9,2020,9,NÃO
120,Roubo Consumado,UBERLANDIA,317020,9,2020,9,NÃO
4,Roubo Tentado,UBERLANDIA,317020,9,2020,9,NÃO
2,Sequestro e Cárcere Privado Consumado,UBERLANDIA,317020,9,2020,9,NÃO
0,Sequestro e Cárcere Privado Tentado,UBERLANDIA,317020,9,2020,9,NÃO
6,Estupro Consumado,UBERLANDIA,317020,10,2020,9,NÃO
2,Estupro de Vulnerável Consumado,UBERLANDIA,317020,10,2020,9,NÃO
0,Estupro de Vulnerável Tentado,UBERLANDIA,317020,10,2020,9,NÃO
0,Estupro Tentado,UBERLANDIA,317020,10,2020,9,NÃO
1,Extorsão Consumado,UBERLANDIA,317020,10,2020,9,NÃO
0,Extorsão Mediante Sequestro Consumado,UBERLANDIA,317020,10,2020,9,NÃO
1,Extorsão Tentado,UBERLANDIA,317020,10,2020,9,NÃO
6,Homicídio Tentado,UBERLANDIA,317020,10,2020,9,NÃO
113,Roubo Consumado,UBERLANDIA,317020,10,2020,9,NÃO
9,Roubo Tentado,UBERLANDIA,317020,10,2020,9,NÃO
1,Sequestro e Cárcere Privado Consumado,UBERLANDIA,317020,10,2020,9,NÃO
0,Sequestro e Cárcere Privado Tentado,UBERLANDIA,317020,10,2020,9,NÃO
3,Estupro Consumado,UBERLANDIA,317020,11,2020,9,NÃO
6,Estupro de Vulnerável Consumado,UBERLANDIA,317020,11,2020,9,NÃO
0,Estupro de Vulnerável Tentado,UBERLANDIA,317020,11,2020,9,NÃO
0,Estupro Tentado,UBERLANDIA,317020,11,2020,9,NÃO
2,Extorsão Consumado,UBERLANDIA,317020,11,2020,9,NÃO
0,Extorsão Mediante Sequestro Consumado,UBERLANDIA,317020,11,2020,9,NÃO
0,Extorsão Tentado,UBERLANDIA,317020,11,2020,9,NÃO
5,Homicídio Tentado,UBERLANDIA,317020,11,2020,9,NÃO
120,Roubo Consumado,UBERLANDIA,317020,11,2020,9,NÃO
6,Roubo Tentado,UBERLANDIA,317020,11,2020,9,NÃO
1,Sequestro e Cárcere Privado Consumado,UBERLANDIA,317020,11,2020,9,NÃO
0,Sequestro e Cárcere Privado Tentado,UBERLANDIA,317020,11,2020,9,NÃO
5,Estupro Consumado,UBERLANDIA,317020,12,2020,9,NÃO
10,Estupro de Vulnerável Consumado,UBERLANDIA,317020,12,2020,9,NÃO
0,Estupro de Vulnerável Tentado,UBERLANDIA,317020,12,2020,9,NÃO
0,Estupro Tentado,UBERLANDIA,317020,12,2020,9,NÃO
3,Extorsão Consumado,UBERLANDIA,317020,12,2020,9,NÃO
0,Extorsão Mediante Sequestro Consumado,UBERLANDIA,317020,12,2020,9,NÃO
0,Extorsão Tentado,UBERLANDIA,317020,12,2020,9,NÃO
4,Homicídio Tentado,UBERLANDIA,317020,12,2020,9,NÃO
114,Roubo Consumado,UBERLANDIA,317020,12,2020,9,NÃO
9,Roubo Tentado,UBERLANDIA,317020,12,2020,9,NÃO
0,Sequestro e Cárcere Privado Consumado,UBERLANDIA,317020,12,2020,9,NÃO
0,Sequestro e Cárcere Privado Tentado,UBERLANDIA,317020,12,2020,9,NÃO
3,Homicídio Consumado (Registros),UBERLANDIA,317020,1,2020,9,NÃO
5,Homicídio Consumado (Registros),UBERLANDIA,317020,2,2020,9,NÃO
3,Homicídio Consumado (Registros),UBERLANDIA,317020,3,2020,9,NÃO
2,Homicídio Consumado (Registros),UBERLANDIA,317020,4,2020,9,NÃO
0,Homicídio Consumado (Registros),UBERLANDIA,317020,5,2020,9,NÃO
2,Homicídio Consumado (Registros),UBERLANDIA,317020,6,2020,9,NÃO
1,Homicídio Consumado (Registros),UBERLANDIA,317020,7,2020,9,NÃO
2,Homicídio Consumado (Registros),UBERLANDIA,317020,8,2020,9,NÃO
2,Homicídio Consumado (Registros),UBERLANDIA,317020,9,2020,9,NÃO
5,Homicídio Consumado (Registros),UBERLANDIA,317020,10,2020,9,NÃO
3,Homicídio Consumado (Registros),UBERLANDIA,317020,11,2020,9,NÃO
3,Homicídio Consumado (Registros),UBERLANDIA,317020,12,2020,9,NÃO
2,Estupro Consumado,UBERLANDIA,317020,1,2021,9,NÃO
10,Estupro de Vulnerável Consumado,UBERLANDIA,317020,1,2021,9,NÃO
0,Estupro de Vulnerável Tentado,UBERLANDIA,317020,1,2021,9,NÃO
1,Estupro Tentado,UBERLANDIA,317020,1,2021,9,NÃO
1,Extorsão Consumado,UBERLANDIA,317020,1,2021,9,NÃO
0,Extorsão Mediante Sequestro Consumado,UBERLANDIA,317020,1,2021,9,NÃO
0,Extorsão Tentado,UBERLANDIA,317020,1,2021,9,NÃO
5,Homicídio Tentado,UBERLANDIA,317020,1,2021,9,NÃO
141,Roubo Consumado,UBERLANDIA,317020,1,2021,9,NÃO
6,Roubo Tentado,UBERLANDIA,317020,1,2021,9,NÃO
0,Sequestro e Cárcere Privado Consumado,UBERLANDIA,317020,1,2021,9,NÃO
0,Sequestro e Cárcere Privado Tentado,UBERLANDIA,317020,1,2021,9,NÃO
3,Estupro Consumado,UBERLANDIA,317020,2,2021,9,NÃO
8,Estupro de Vulnerável Consumado,UBERLANDIA,317020,2,2021,9,NÃO
0,Estupro de Vulnerável Tentado,UBERLANDIA,317020,2,2021,9,NÃO
0,Estupro Tentado,UBERLANDIA,317020,2,2021,9,NÃO
2,Extorsão Consumado,UBERLANDIA,317020,2,2021,9,NÃO
0,Extorsão Mediante Sequestro Consumado,UBERLANDIA,317020,2,2021,9,NÃO
1,Extorsão Tentado,UBERLANDIA,317020,2,2021,9,NÃO
4,Homicídio Tentado,UBERLANDIA,317020,2,2021,9,NÃO
83,Roubo Consumado,UBERLANDIA,317020,2,2021,9,NÃO
6,Roubo Tentado,UBERLANDIA,317020,2,2021,9,NÃO
1,Sequestro e Cárcere Privado Consumado,UBERLANDIA,317020,2,2021,9,NÃO
0,Sequestro e Cárcere Privado Tentado,UBERLANDIA,317020,2,2021,9,NÃO
2,Estupro Consumado,UBERLANDIA,317020,3,2021,9,NÃO
8,Estupro de Vulnerável Consumado,UBERLANDIA,317020,3,2021,9,NÃO
0,Estupro de Vulnerável Tentado,UBERLANDIA,317020,3,2021,9,NÃO
0,Estupro Tentado,UBERLANDIA,317020,3,2021,9,NÃO
0,Extorsão Consumado,UBERLANDIA,317020,3,2021,9,NÃO
0,Extorsão Mediante Sequestro Consumado,UBERLANDIA,317020,3,2021,9,NÃO
0,Extorsão Tentado,UBERLANDIA,317020,3,2021,9,NÃO
4,Homicídio Tentado,UBERLANDIA,317020,3,2021,9,NÃO
85,Roubo Consumado,UBERLANDIA,317020,3,2021,9,NÃO
6,Roubo Tentado,UBERLANDIA,317020,3,2021,9,NÃO
1,Sequestro e Cárcere Privado Consumado,UBERLANDIA,317020,3,2021,9,NÃO
0,Sequestro e Cárcere Privado Tentado,UBERLANDIA,317020,3,2021,9,NÃO
1,Estupro Consumado,UBERLANDIA,317020,4,2021,9,NÃO
9,Estupro de Vulnerável Consumado,UBERLANDIA,317020,4,2021,9,NÃO
0,Estupro de Vulnerável Tentado,UBERLANDIA,317020,4,2021,9,NÃO
0,Estupro Tentado,UBERLANDIA,317020,4,2021,9,NÃO
0,Extorsão Consumado,UBERLANDIA,317020,4,2021,9,NÃO
0,Extorsão Mediante Sequestro Consumado,UBERLANDIA,317020,4,2021,9,NÃO
0,Extorsão Tentado,UBERLANDIA,317020,4,2021,9,NÃO
9,Homicídio Tentado,UBERLANDIA,317020,4,2021,9,NÃO
112,Roubo Consumado,UBERLANDIA,317020,4,2021,9,NÃO
11,Roubo Tentado,UBERLANDIA,317020,4,2021,9,NÃO
1,Sequestro e Cárcere Privado Consumado,UBERLANDIA,317020,4,2021,9,NÃO
0,Sequestro e Cárcere Privado Tentado,UBERLANDIA,317020,4,2021,9,NÃO
2,Estupro Consumado,UBERLANDIA,317020,5,2021,9,NÃO
5,Estupro de Vulnerável Consumado,UBERLANDIA,317020,5,2021,9,NÃO
0,Estupro de Vulnerável Tentado,UBERLANDIA,317020,5,2021,9,NÃO
3,Estupro Tentado,UBERLANDIA,317020,5,2021,9,NÃO
2,Extorsão Consumado,UBERLANDIA,317020,5,2021,9,NÃO
0,Extorsão Mediante Sequestro Consumado,UBERLANDIA,317020,5,2021,9,NÃO
0,Extorsão Tentado,UBERLANDIA,317020,5,2021,9,NÃO
6,Homicídio Tentado,UBERLANDIA,317020,5,2021,9,NÃO
92,Roubo Consumado,UBERLANDIA,317020,5,2021,9,NÃO
8,Roubo Tentado,UBERLANDIA,317020,5,2021,9,NÃO
0,Sequestro e Cárcere Privado Consumado,UBERLANDIA,317020,5,2021,9,NÃO
0,Sequestro e Cárcere Privado Tentado,UBERLANDIA,317020,5,2021,9,NÃO
3,Estupro Consumado,UBERLANDIA,317020,6,2021,9,NÃO
8,Estupro de Vulnerável Consumado,UBERLANDIA,317020,6,2021,9,NÃO
0,Estupro de Vulnerável Tentado,UBERLANDIA,317020,6,2021,9,NÃO
0,Estupro Tentado,UBERLANDIA,317020,6,2021,9,NÃO
2,Extorsão Consumado,UBERLANDIA,317020,6,2021,9,NÃO
0,Extorsão Mediante Sequestro Consumado,UBERLANDIA,317020,6,2021,9,NÃO
0,Extorsão Tentado,UBERLANDIA,317020,6,2021,9,NÃO
1,Homicídio Tentado,UBERLANDIA,317020,6,2021,9,NÃO
103,Roubo Consumado,UBERLANDIA,317020,6,2021,9,NÃO
10,Roubo Tentado,UBERLANDIA,317020,6,2021,9,NÃO
1,Sequestro e Cárcere Privado Consumado,UBERLANDIA,317020,6,2021,9,NÃO
0,Sequestro e Cárcere Privado Tentado,UBERLANDIA,317020,6,2021,9,NÃO
5,Estupro Consumado,UBERLANDIA,317020,7,2021,9,NÃO
4,Estupro de Vulnerável Consumado,UBERLANDIA,317020,7,2021,9,NÃO
0,Estupro de Vulnerável Tentado,UBERLANDIA,317020,7,2021,9,NÃO
1,Estupro Tentado,UBERLANDIA,317020,7,2021,9,NÃO
1,Extorsão Consumado,UBERLANDIA,317020,7,2021,9,NÃO
0,Extorsão Mediante Sequestro Consumado,UBERLANDIA,317020,7,2021,9,NÃO
1,Extorsão Tentado,UBERLANDIA,317020,7,2021,9,NÃO
7,Homicídio Tentado,UBERLANDIA,317020,7,2021,9,NÃO
90,Roubo Consumado,UBERLANDIA,317020,7,2021,9,NÃO
10,Roubo Tentado,UBERLANDIA,317020,7,2021,9,NÃO
0,Sequestro e Cárcere Privado Consumado,UBERLANDIA,317020,7,2021,9,NÃO
0,Sequestro e Cárcere Privado Tentado,UBERLANDIA,317020,7,2021,9,NÃO
2,Estupro Consumado,UBERLANDIA,317020,8,2021,9,NÃO
7,Estupro de Vulnerável Consumado,UBERLANDIA,317020,8,2021,9,NÃO
0,Estupro de Vulnerável Tentado,UBERLANDIA,317020,8,2021,9,NÃO
0,Estupro Tentado,UBERLANDIA,317020,8,2021,9,NÃO
1,Extorsão Consumado,UBERLANDIA,317020,8,2021,9,NÃO
0,Extorsão Mediante Sequestro Consumado,UBERLANDIA,317020,8,2021,9,NÃO
0,Extorsão Tentado,UBERLANDIA,317020,8,2021,9,NÃO
5,Homicídio Tentado,UBERLANDIA,317020,8,2021,9,NÃO
98,Roubo Consumado,UBERLANDIA,317020,8,2021,9,NÃO
7,Roubo Tentado,UBERLANDIA,317020,8,2021,9,NÃO
3,Sequestro e Cárcere Privado Consumado,UBERLANDIA,317020,8,2021,9,NÃO
0,Sequestro e Cárcere Privado Tentado,UBERLANDIA,317020,8,2021,9,NÃO
2,Estupro Consumado,UBERLANDIA,317020,9,2021,9,NÃO
5,Estupro de Vulnerável Consumado,UBERLANDIA,317020,9,2021,9,NÃO
0,Estupro de Vulnerável Tentado,UBERLANDIA,317020,9,2021,9,NÃO
1,Estupro Tentado,UBERLANDIA,317020,9,2021,9,NÃO
1,Extorsão Consumado,UBERLANDIA,317020,9,2021,9,NÃO
0,Extorsão Mediante Sequestro Consumado,UBERLANDIA,317020,9,2021,9,NÃO
3,Extorsão Tentado,UBERLANDIA,317020,9,2021,9,NÃO
7,Homicídio Tentado,UBERLANDIA,317020,9,2021,9,NÃO
66,Roubo Consumado,UBERLANDIA,317020,9,2021,9,NÃO
2,Roubo Tentado,UBERLANDIA,317020,9,2021,9,NÃO
3,Sequestro e Cárcere Privado Consumado,UBERLANDIA,317020,9,2021,9,NÃO
0,Sequestro e Cárcere Privado Tentado,UBERLANDIA,317020,9,2021,9,NÃO
1,Estupro Consumado,UBERLANDIA,317020,10,2021,9,NÃO
9,Estupro de Vulnerável Consumado,UBERLANDIA,317020,10,2021,9,NÃO
0,Estupro de Vulnerável Tentado,UBERLANDIA,317020,10,2021,9,NÃO
0,Estupro Tentado,UBERLANDIA,317020,10,2021,9,NÃO
1,Extorsão Consumado,UBERLANDIA,317020,10,2021,9,NÃO
0,Extorsão Mediante Sequestro Consumado,UBERLANDIA,317020,10,2021,9,NÃO
1,Extorsão Tentado,UBERLANDIA,317020,10,2021,9,NÃO
2,Homicídio Tentado,UBERLANDIA,317020,10,2021,9,NÃO
83,Roubo Consumado,UBERLANDIA,317020,10,2021,9,NÃO
3,Roubo Tentado,UBERLANDIA,317020,10,2021,9,NÃO
1,Sequestro e Cárcere Privado Consumado,UBERLANDIA,317020,10,2021,9,NÃO
0,Sequestro e Cárcere Privado Tentado,UBERLANDIA,317020,10,2021,9,NÃO
3,Estupro Consumado,UBERLANDIA,317020,11,2021,9,NÃO
5,Estupro de Vulnerável Consumado,UBERLANDIA,317020,11,2021,9,NÃO
0,Estupro de Vulnerável Tentado,UBERLANDIA,317020,11,2021,9,NÃO
2,Estupro Tentado,UBERLANDIA,317020,11,2021,9,NÃO
1,Extorsão Consumado,UBERLANDIA,317020,11,2021,9,NÃO
0,Extorsão Mediante Sequestro Consumado,UBERLANDIA,317020,11,2021,9,NÃO
1,Extorsão Tentado,UBERLANDIA,317020,11,2021,9,NÃO
0,Homicídio Tentado,UBERLANDIA,317020,11,2021,9,NÃO
96,Roubo Consumado,UBERLANDIA,317020,11,2021,9,NÃO
3,Roubo Tentado,UBERLANDIA,317020,11,2021,9,NÃO
0,Sequestro e Cárcere Privado Consumado,UBERLANDIA,317020,11,2021,9,NÃO
0,Sequestro e Cárcere Privado Tentado,UBERLANDIA,317020,11,2021,9,NÃO
3,Estupro Consumado,UBERLANDIA,317020,12,2021,9,NÃO
4,Estupro de Vulnerável Consumado,UBERLANDIA,317020,12,2021,9,NÃO
0,Estupro de Vulnerável Tentado,UBERLANDIA,317020,12,2021,9,NÃO
0,Estupro Tentado,UBERLANDIA,317020,12,2021,9,NÃO
0,Extorsão Consumado,UBERLANDIA,317020,12,2021,9,NÃO
0,Extorsão Mediante Sequestro Consumado,UBERLANDIA,317020,12,2021,9,NÃO
1,Extorsão Tentado,UBERLANDIA,317020,12,2021,9,NÃO
6,Homicídio Tentado,UBERLANDIA,317020,12,2021,9,NÃO
88,Roubo Consumado,UBERLANDIA,317020,12,2021,9,NÃO
14,Roubo Tentado,UBERLANDIA,317020,12,2021,9,NÃO
0,Sequestro e Cárcere Privado Consumado,UBERLANDIA,317020,12,2021,9,NÃO
0,Sequestro e Cárcere Privado Tentado,UBERLANDIA,317020,12,2021,9,NÃO
5,Homicídio Consumado (Registros),UBERLANDIA,317020,1,2021,9,NÃO
0,Homicídio Consumado (Registros),UBERLANDIA,317020,2,2021,9,NÃO
3,Homicídio Consumado (Registros),UBERLANDIA,317020,3,2021,9,NÃO
1,Homicídio Consumado (Registros),UBERLANDIA,317020,4,2021,9,NÃO
5,Homicídio Consumado (Registros),UBERLANDIA,317020,5,2021,9,NÃO
1,Homicídio Consumado (Registros),UBERLANDIA,317020,6,2021,9,NÃO
0,Homicídio Consumado (Registros),UBERLANDIA,317020,7,2021,9,NÃO
3,Homicídio Consumado (Registros),UBERLANDIA,317020,8,2021,9,NÃO
4,Homicídio Consumado (Registros),UBERLANDIA,317020,9,2021,9,NÃO
3,Homicídio Consumado (Registros),UBERLANDIA,317020,10,2021,9,NÃO
0,Homicídio Consumado (Registros),UBERLANDIA,317020,11,2021,9,NÃO
1,Homicídio Consumado (Registros),UBERLANDIA,317020,12,2021,9,NÃO
1,Estupro Consumado,UBERLANDIA,317020,1,2022,9,NÃO
5,Estupro de Vulnerável Consumado,UBERLANDIA,317020,1,2022,9,NÃO
0,Estupro de Vulnerável Tentado,UBERLANDIA,317020,1,2022,9,NÃO
0,Estupro Tentado,UBERLANDIA,317020,1,2022,9,NÃO
2,Extorsão Consumado,UBERLANDIA,317020,1,2022,9,NÃO
0,Extorsão Mediante Sequestro Consumado,UBERLANDIA,317020,1,2022,9,NÃO
1,Extorsão Tentado,UBERLANDIA,317020,1,2022,9,NÃO
0,Homicídio Tentado,UBERLANDIA,317020,1,2022,9,NÃO
92,Roubo Consumado,UBERLANDIA,317020,1,2022,9,NÃO
8,Roubo Tentado,UBERLANDIA,317020,1,2022,9,NÃO
0,Sequestro e Cárcere Privado Consumado,UBERLANDIA,317020,1,2022,9,NÃO
0,Sequestro e Cárcere Privado Tentado,UBERLANDIA,317020,1,2022,9,NÃO
3,Estupro Consumado,UBERLANDIA,317020,2,2022,9,NÃO
4,Estupro de Vulnerável Consumado,UBERLANDIA,317020,2,2022,9,NÃO
0,Estupro de Vulnerável Tentado,UBERLANDIA,317020,2,2022,9,NÃO
0,Estupro Tentado,UBERLANDIA,317020,2,2022,9,NÃO
1,Extorsão Consumado,UBERLANDIA,317020,2,2022,9,NÃO
0,Extorsão Mediante Sequestro Consumado,UBERLANDIA,317020,2,2022,9,NÃO
0,Extorsão Tentado,UBERLANDIA,317020,2,2022,9,NÃO
3,Homicídio Tentado,UBERLANDIA,317020,2,2022,9,NÃO
117,Roubo Consumado,UBERLANDIA,317020,2,2022,9,NÃO
4,Roubo Tentado,UBERLANDIA,317020,2,2022,9,NÃO
1,Sequestro e Cárcere Privado Consumado,UBERLANDIA,317020,2,2022,9,NÃO
0,Sequestro e Cárcere Privado Tentado,UBERLANDIA,317020,2,2022,9,NÃO
0,Estupro Consumado,UBERLANDIA,317020,3,2022,9,NÃO
7,Estupro de Vulnerável Consumado,UBERLANDIA,317020,3,2022,9,NÃO
0,Estupro de Vulnerável Tentado,UBERLANDIA,317020,3,2022,9,NÃO
0,Estupro Tentado,UBERLANDIA,317020,3,2022,9,NÃO
1,Extorsão Consumado,UBERLANDIA,317020,3,2022,9,NÃO
0,Extorsão Mediante Sequestro Consumado,UBERLANDIA,317020,3,2022,9,NÃO
1,Extorsão Tentado,UBERLANDIA,317020,3,2022,9,NÃO
8,Homicídio Tentado,UBERLANDIA,317020,3,2022,9,NÃO
132,Roubo Consumado,UBERLANDIA,317020,3,2022,9,NÃO
7,Roubo Tentado,UBERLANDIA,317020,3,2022,9,NÃO
1,Sequestro e Cárcere Privado Consumado,UBERLANDIA,317020,3,2022,9,NÃO
0,Sequestro e Cárcere Privado Tentado,UBERLANDIA,317020,3,2022,9,NÃO
3,Estupro Consumado,UBERLANDIA,317020,4,2022,9,NÃO
6,Estupro de Vulnerável Consumado,UBERLANDIA,317020,4,2022,9,NÃO
0,Estupro de Vulnerável Tentado,UBERLANDIA,317020,4,2022,9,NÃO
0,Estupro Tentado,UBERLANDIA,317020,4,2022,9,NÃO
0,Extorsão Consumado,UBERLANDIA,317020,4,2022,9,NÃO
0,Extorsão Mediante Sequestro Consumado,UBERLANDIA,317020,4,2022,9,NÃO
2,Extorsão Tentado,UBERLANDIA,317020,4,2022,9,NÃO
5,Homicídio Tentado,UBERLANDIA,317020,4,2022,9,NÃO
153,Roubo Consumado,UBERLANDIA,317020,4,2022,9,NÃO
13,Roubo Tentado,UBERLANDIA,317020,4,2022,9,NÃO
5,Sequestro e Cárcere Privado Consumado,UBERLANDIA,317020,4,2022,9,NÃO
0,Sequestro e Cárcere Privado Tentado,UBERLANDIA,317020,4,2022,9,NÃO
3,Estupro Consumado,UBERLANDIA,317020,5,2022,9,NÃO
5,Estupro de Vulnerável Consumado,UBERLANDIA,317020,5,2022,9,NÃO
0,Estupro de Vulnerável Tentado,UBERLANDIA,317020,5,2022,9,NÃO
0,Estupro Tentado,UBERLANDIA,317020,5,2022,9,NÃO
2,Extorsão Consumado,UBERLANDIA,317020,5,2022,9,NÃO
0,Extorsão Mediante Sequestro Consumado,UBERLANDIA,317020,5,2022,9,NÃO
1,Extorsão Tentado,UBERLANDIA,317020,5,2022,9,NÃO
3,Homicídio Tentado,UBERLANDIA,317020,5,2022,9,NÃO
109,Roubo Consumado,UBERLANDIA,317020,5,2022,9,NÃO
11,Roubo Tentado,UBERLANDIA,317020,5,2022,9,NÃO
0,Sequestro e Cárcere Privado Consumado,UBERLANDIA,317020,5,2022,9,NÃO
0,Sequestro e Cárcere Privado Tentado,UBERLANDIA,317020,5,2022,9,NÃO
1,Estupro Consumado,UBERLANDIA,317020,6,2022,9,NÃO
5,Estupro de Vulnerável Consumado,UBERLANDIA,317020,6,2022,9,NÃO
0,Estupro de Vulnerável Tentado,UBERLANDIA,317020,6,2022,9,NÃO
0,Estupro Tentado,UBERLANDIA,317020,6,2022,9,NÃO
2,Extorsão Consumado,UBERLANDIA,317020,6,2022,9,NÃO
0,Extorsão Mediante Sequestro Consumado,UBERLANDIA,317020,6,2022,9,NÃO
1,Extorsão Tentado,UBERLANDIA,317020,6,2022,9,NÃO
3,Homicídio Tentado,UBERLANDIA,317020,6,2022,9,NÃO
118,Roubo Consumado,UBERLANDIA,317020,6,2022,9,NÃO
8,Roubo Tentado,UBERLANDIA,317020,6,2022,9,NÃO
0,Sequestro e Cárcere Privado Consumado,UBERLANDIA,317020,6,2022,9,NÃO
0,Sequestro e Cárcere Privado Tentado,UBERLANDIA,317020,6,2022,9,NÃO
2,Estupro Consumado,UBERLANDIA,317020,7,2022,9,NÃO
10,Estupro de Vulnerável Consumado,UBERLANDIA,317020,7,2022,9,NÃO
0,Estupro de Vulnerável Tentado,UBERLANDIA,317020,7,2022,9,NÃO
1,Estupro Tentado,UBERLANDIA,317020,7,2022,9,NÃO
1,Extorsão Consumado,UBERLANDIA,317020,7,2022,9,NÃO
0,Extorsão Mediante Sequestro Consumado,UBERLANDIA,317020,7,2022,9,NÃO
0,Extorsão Tentado,UBERLANDIA,317020,7,2022,9,NÃO
6,Homicídio Tentado,UBERLANDIA,317020,7,2022,9,NÃO
88,Roubo Consumado,UBERLANDIA,317020,7,2022,9,NÃO
8,Roubo Tentado,UBERLANDIA,317020,7,2022,9,NÃO
2,Sequestro e Cárcere Privado Consumado,UBERLANDIA,317020,7,2022,9,NÃO
0,Sequestro e Cárcere Privado Tentado,UBERLANDIA,317020,7,2022,9,NÃO
2,Estupro Consumado,UBERLANDIA,317020,8,2022,9,NÃO
6,Estupro de Vulnerável Consumado,UBERLANDIA,317020,8,2022,9,NÃO
0,Estupro de Vulnerável Tentado,UBERLANDIA,317020,8,2022,9,NÃO
0,Estupro Tentado,UBERLANDIA,317020,8,2022,9,NÃO
3,Extorsão Consumado,UBERLANDIA,317020,8,2022,9,NÃO
0,Extorsão Mediante Sequestro Consumado,UBERLANDIA,317020,8,2022,9,NÃO
1,Extorsão Tentado,UBERLANDIA,317020,8,2022,9,NÃO
3,Homicídio Tentado,UBERLANDIA,317020,8,2022,9,NÃO
118,Roubo Consumado,UBERLANDIA,317020,8,2022,9,NÃO
8,Roubo Tentado,UBERLANDIA,317020,8,2022,9,NÃO
1,Sequestro e Cárcere Privado Consumado,UBERLANDIA,317020,8,2022,9,NÃO
0,Sequestro e Cárcere Privado Tentado,UBERLANDIA,317020,8,2022,9,NÃO
4,Estupro Consumado,UBERLANDIA,317020,9,2022,9,NÃO
7,Estupro de Vulnerável Consumado,UBERLANDIA,317020,9,2022,9,NÃO
0,Estupro de Vulnerável Tentado,UBERLANDIA,317020,9,2022,9,NÃO
0,Estupro Tentado,UBERLANDIA,317020,9,2022,9,NÃO
2,Extorsão Consumado,UBERLANDIA,317020,9,2022,9,NÃO
0,Extorsão Mediante Sequestro Consumado,UBERLANDIA,317020,9,2022,9,NÃO
0,Extorsão Tentado,UBERLANDIA,317020,9,2022,9,NÃO
5,Homicídio Tentado,UBERLANDIA,317020,9,2022,9,NÃO
107,Roubo Consumado,UBERLANDIA,317020,9,2022,9,NÃO
3,Roubo Tentado,UBERLANDIA,317020,9,2022,9,NÃO
1,Sequestro e Cárcere Privado Consumado,UBERLANDIA,317020,9,2022,9,NÃO
0,Sequestro e Cárcere Privado Tentado,UBERLANDIA,317020,9,2022,9,NÃO
2,Estupro Consumado,UBERLANDIA,317020,10,2022,9,NÃO
7,Estupro de Vulnerável Consumado,UBERLANDIA,317020,10,2022,9,NÃO
0,Estupro de Vulnerável Tentado,UBERLANDIA,317020,10,2022,9,NÃO
1,Estupro Tentado,UBERLANDIA,317020,10,2022,9,NÃO
3,Extorsão Consumado,UBERLANDIA,317020,10,2022,9,NÃO
1,Extorsão Mediante Sequestro Consumado,UBERLANDIA,317020,10,2022,9,NÃO
2,Extorsão Tentado,UBERLANDIA,317020,10,2022,9,NÃO
4,Homicídio Tentado,UBERLANDIA,317020,10,2022,9,NÃO
89,Roubo Consumado,UBERLANDIA,317020,10,2022,9,NÃO
5,Roubo Tentado,UBERLANDIA,317020,10,2022,9,NÃO
0,Sequestro e Cárcere Privado Consumado,UBERLANDIA,317020,10,2022,9,NÃO
0,Sequestro e Cárcere Privado Tentado,UBERLANDIA,317020,10,2022,9,NÃO
1,Estupro Consumado,UBERLANDIA,317020,11,2022,9,NÃO
3,Estupro de Vulnerável Consumado,UBERLANDIA,317020,11,2022,9,NÃO
0,Estupro de Vulnerável Tentado,UBERLANDIA,317020,11,2022,9,NÃO
0,Estupro Tentado,UBERLANDIA,317020,11,2022,9,NÃO
0,Extorsão Consumado,UBERLANDIA,317020,11,2022,9,NÃO
0,Extorsão Mediante Sequestro Consumado,UBERLANDIA,317020,11,2022,9,NÃO
3,Extorsão Tentado,UBERLANDIA,317020,11,2022,9,NÃO
4,Homicídio Tentado,UBERLANDIA,317020,11,2022,9,NÃO
106,Roubo Consumado,UBERLANDIA,317020,11,2022,9,NÃO
2,Roubo Tentado,UBERLANDIA,317020,11,2022,9,NÃO
0,Sequestro e Cárcere Privado Consumado,UBERLANDIA,317020,11,2022,9,NÃO
0,Sequestro e Cárcere Privado Tentado,UBERLANDIA,317020,11,2022,9,NÃO
0,Estupro Consumado,UBERLANDIA,317020,12,2022,9,NÃO
15,Estupro de Vulnerável Consumado,UBERLANDIA,317020,12,2022,9,NÃO
0,Estupro de Vulnerável Tentado,UBERLANDIA,317020,12,2022,9,NÃO
1,Estupro Tentado,UBERLANDIA,317020,12,2022,9,NÃO
5,Extorsão Consumado,UBERLANDIA,317020,12,2022,9,NÃO
0,Extorsão Mediante Sequestro Consumado,UBERLANDIA,317020,12,2022,9,NÃO
0,Extorsão Tentado,UBERLANDIA,317020,12,2022,9,NÃO
5,Homicídio Tentado,UBERLANDIA,317020,12,2022,9,NÃO
82,Roubo Consumado,UBERLANDIA,317020,12,2022,9,NÃO
3,Roubo Tentado,UBERLANDIA,317020,12,2022,9,NÃO
1,Sequestro e Cárcere Privado Consumado,UBERLANDIA,317020,12,2022,9,NÃO
0,Sequestro e Cárcere Privado Tentado,UBERLANDIA,317020,12,2022,9,NÃO
1,Homicídio Consumado (Registros),UBERLANDIA,317020,1,2022,9,NÃO
2,Homicídio Consumado (Registros),UBERLANDIA,317020,2,2022,9,NÃO
2,Homicídio Consumado (Registros),UBERLANDIA,317020,3,2022,9,NÃO
6,Homicídio Consumado (Registros),UBERLANDIA,317020,4,2022,9,NÃO
3,Homicídio Consumado (Registros),UBERLANDIA,317020,5,2022,9,NÃO
4,Homicídio Consumado (Registros),UBERLANDIA,317020,6,2022,9,NÃO
3,Homicídio Consumado (Registros),UBERLANDIA,317020,7,2022,9,NÃO
0,Homicídio Consumado (Registros),UBERLANDIA,317020,8,2022,9,NÃO
1,Homicídio Consumado (Registros),UBERLANDIA,317020,9,2022,9,NÃO
5,Homicídio Consumado (Registros),UBERLANDIA,317020,10,2022,9,NÃO
7,Homicídio Consumado (Registros),UBERLANDIA,317020,11,2022,9,NÃO
1,Homicídio Consumado (Registros),UBERLANDIA,317020,12,2022,9,NÃO
1,Estupro Consumado,UBERLANDIA,317020,1,2023,9,NÃO
9,Estupro de Vulnerável Consumado,UBERLANDIA,317020,1,2023,9,NÃO
0,Estupro de Vulnerável Tentado,UBERLANDIA,317020,1,2023,9,NÃO
0,Estupro Tentado,UBERLANDIA,317020,1,2023,9,NÃO
3,Extorsão Consumado,UBERLANDIA,317020,1,2023,9,NÃO
1,Extorsão Mediante Sequestro Consumado,UBERLANDIA,317020,1,2023,9,NÃO
2,Extorsão Tentado,UBERLANDIA,317020,1,2023,9,NÃO
8,Homicídio Tentado,UBERLANDIA,317020,1,2023,9,NÃO
62,Roubo Consumado,UBERLANDIA,317020,1,2023,9,NÃO
7,Roubo Tentado,UBERLANDIA,317020,1,2023,9,NÃO
1,Sequestro e Cárcere Privado Consumado,UBERLANDIA,317020,1,2023,9,NÃO
0,Sequestro e Cárcere Privado Tentado,UBERLANDIA,317020,1,2023,9,NÃO
0,Estupro Consumado,UBERLANDIA,317020,2,2023,9,NÃO
3,Estupro de Vulnerável Consumado,UBERLANDIA,317020,2,2023,9,NÃO
0,Estupro de Vulnerável Tentado,UBERLANDIA,317020,2,2023,9,NÃO
0,Estupro Tentado,UBERLANDIA,317020,2,2023,9,NÃO
3,Extorsão Consumado,UBERLANDIA,317020,2,2023,9,NÃO
0,Extorsão Mediante Sequestro Consumado,UBERLANDIA,317020,2,2023,9,NÃO
1,Extorsão Tentado,UBERLANDIA,317020,2,2023,9,NÃO
5,Homicídio Tentado,UBERLANDIA,317020,2,2023,9,NÃO
78,Roubo Consumado,UBERLANDIA,317020,2,2023,9,NÃO
5,Roubo Tentado,UBERLANDIA,317020,2,2023,9,NÃO
1,Sequestro e Cárcere Privado Consumado,UBERLANDIA,317020,2,2023,9,NÃO
0,Sequestro e Cárcere Privado Tentado,UBERLANDIA,317020,2,2023,9,NÃO
1,Estupro Consumado,UBERLANDIA,317020,3,2023,9,NÃO
9,Estupro de Vulnerável Consumado,UBERLANDIA,317020,3,2023,9,NÃO
0,Estupro de Vulnerável Tentado,UBERLANDIA,317020,3,2023,9,NÃO
1,Estupro Tentado,UBERLANDIA,317020,3,2023,9,NÃO
1,Extorsão Consumado,UBERLANDIA,317020,3,2023,9,NÃO
0,Extorsão Mediante Sequestro Consumado,UBERLANDIA,317020,3,2023,9,NÃO
1,Extorsão Tentado,UBERLANDIA,317020,3,2023,9,NÃO
2,Homicídio Tentado,UBERLANDIA,317020,3,2023,9,NÃO
78,Roubo Consumado,UBERLANDIA,317020,3,2023,9,NÃO
3,Roubo Tentado,UBERLANDIA,317020,3,2023,9,NÃO
0,Sequestro e Cárcere Privado Consumado,UBERLANDIA,317020,3,2023,9,NÃO
0,Sequestro e Cárcere Privado Tentado,UBERLANDIA,317020,3,2023,9,NÃO
4,Estupro Consumado,UBERLANDIA,317020,4,2023,9,NÃO
5,Estupro de Vulnerável Consumado,UBERLANDIA,317020,4,2023,9,NÃO
0,Estupro de Vulnerável Tentado,UBERLANDIA,317020,4,2023,9,NÃO
1,Estupro Tentado,UBERLANDIA,317020,4,2023,9,NÃO
2,Extorsão Consumado,UBERLANDIA,317020,4,2023,9,NÃO
0,Extorsão Mediante Sequestro Consumado,UBERLANDIA,317020,4,2023,9,NÃO
1,Extorsão Tentado,UBERLANDIA,317020,4,2023,9,NÃO
4,Homicídio Tentado,UBERLANDIA,317020,4,2023,9,NÃO
68,Roubo Consumado,UBERLANDIA,317020,4,2023,9,NÃO
6,Roubo Tentado,UBERLANDIA,317020,4,2023,9,NÃO
1,Sequestro e Cárcere Privado Consumado,UBERLANDIA,317020,4,2023,9,NÃO
0,Sequestro e Cárcere Privado Tentado,UBERLANDIA,317020,4,2023,9,NÃO
3,Estupro Consumado,UBERLANDIA,317020,5,2023,9,NÃO
3,Estupro de Vulnerável Consumado,UBERLANDIA,317020,5,2023,9,NÃO
0,Estupro de Vulnerável Tentado,UBERLANDIA,317020,5,2023,9,NÃO
0,Estupro Tentado,UBERLANDIA,317020,5,2023,9,NÃO
1,Extorsão Consumado,UBERLANDIA,317020,5,2023,9,NÃO
0,Extorsão Mediante Sequestro Consumado,UBERLANDIA,317020,5,2023,9,NÃO
0,Extorsão Tentado,UBERLANDIA,317020,5,2023,9,NÃO
4,Homicídio Tentado,UBERLANDIA,317020,5,2023,9,NÃO
82,Roubo Consumado,UBERLANDIA,317020,5,2023,9,NÃO
9,Roubo Tentado,UBERLANDIA,317020,5,2023,9,NÃO
0,Sequestro e Cárcere Privado Consumado,UBERLANDIA,317020,5,2023,9,NÃO
0,Sequestro e Cárcere Privado Tentado,UBERLANDIA,317020,5,2023,9,NÃO
3,Estupro Consumado,UBERLANDIA,317020,6,2023,9,NÃO
5,Estupro de Vulnerável Consumado,UBERLANDIA,317020,6,2023,9,NÃO
0,Estupro de Vulnerável Tentado,UBERLANDIA,317020,6,2023,9,NÃO
1,Estupro Tentado,UBERLANDIA,317020,6,2023,9,NÃO
0,Extorsão Consumado,UBERLANDIA,317020,6,2023,9,NÃO
0,Extorsão Mediante Sequestro Consumado,UBERLANDIA,317020,6,2023,9,NÃO
0,Extorsão Tentado,UBERLANDIA,317020,6,2023,9,NÃO
2,Homicídio Tentado,UBERLANDIA,317020,6,2023,9,NÃO
70,Roubo Consumado,UBERLANDIA,317020,6,2023,9,NÃO
5,Roubo Tentado,UBERLANDIA,317020,6,2023,9,NÃO
0,Sequestro e Cárcere Privado Consumado,UBERLANDIA,317020,6,2023,9,NÃO
0,Sequestro e Cárcere Privado Tentado,UBERLANDIA,317020,6,2023,9,NÃO
4,Estupro Consumado,UBERLANDIA,317020,7,2023,9,NÃO
4,Estupro de Vulnerável Consumado,UBERLANDIA,317020,7,2023,9,NÃO
0,Estupro de Vulnerável Tentado,UBERLANDIA,317020,7,2023,9,NÃO
0,Estupro Tentado,UBERLANDIA,317020,7,2023,9,NÃO
1,Extorsão Consumado,UBERLANDIA,317020,7,2023,9,NÃO
0,Extorsão Mediante Sequestro Consumado,UBERLANDIA,317020,7,2023,9,NÃO
0,Extorsão Tentado,UBERLANDIA,317020,7,2023,9,NÃO
8,Homicídio Tentado,UBERLANDIA,317020,7,2023,9,NÃO
92,Roubo Consumado,UBERLANDIA,317020,7,2023,9,NÃO
7,Roubo Tentado,UBERLANDIA,317020,7,2023,9,NÃO
0,Sequestro e Cárcere Privado Consumado,UBERLANDIA,317020,7,2023,9,NÃO
0,Sequestro e Cárcere Privado Tentado,UBERLANDIA,317020,7,2023,9,NÃO
0,Estupro Consumado,UBERLANDIA,317020,8,2023,9,NÃO
9,Estupro de Vulnerável Consumado,UBERLANDIA,317020,8,2023,9,NÃO
0,Estupro de Vulnerável Tentado,UBERLANDIA,317020,8,2023,9,NÃO
0,Estupro Tentado,UBERLANDIA,317020,8,2023,9,NÃO
0,Extorsão Consumado,UBERLANDIA,317020,8,2023,9,NÃO
0,Extorsão Mediante Sequestro Consumado,UBERLANDIA,317020,8,2023,9,NÃO
1,Extorsão Tentado,UBERLANDIA,317020,8,2023,9,NÃO
9,Homicídio Tentado,UBERLANDIA,317020,8,2023,9,NÃO
88,Roubo Consumado,UBERLANDIA,317020,8,2023,9,NÃO
7,Roubo Tentado,UBERLANDIA,317020,8,2023,9,NÃO
0,Sequestro e Cárcere Privado Consumado,UBERLANDIA,317020,8,2023,9,NÃO
0,Sequestro e Cárcere Privado Tentado,UBERLANDIA,317020,8,2023,9,NÃO
3,Estupro Consumado,UBERLANDIA,317020,9,2023,9,NÃO
10,Estupro de Vulnerável Consumado,UBERLANDIA,317020,9,2023,9,NÃO
0,Estupro de Vulnerável Tentado,UBERLANDIA,317020,9,2023,9,NÃO
2,Estupro Tentado,UBERLANDIA,317020,9,2023,9,NÃO
0,Extorsão Consumado,UBERLANDIA,317020,9,2023,9,NÃO
0,Extorsão Mediante Sequestro Consumado,UBERLANDIA,317020,9,2023,9,NÃO
1,Extorsão Tentado,UBERLANDIA,317020,9,2023,9,NÃO
5,Homicídio Tentado,UBERLANDIA,317020,9,2023,9,NÃO
96,Roubo Consumado,UBERLANDIA,317020,9,2023,9,NÃO
5,Roubo Tentado,UBERLANDIA,317020,9,2023,9,NÃO
2,Sequestro e Cárcere Privado Consumado,UBERLANDIA,317020,9,2023,9,NÃO
0,Sequestro e Cárcere Privado Tentado,UBERLANDIA,317020,9,2023,9,NÃO
5,Estupro Consumado,UBERLANDIA,317020,10,2023,9,NÃO
16,Estupro de Vulnerável Consumado,UBERLANDIA,317020,10,2023,9,NÃO
0,Estupro de Vulnerável Tentado,UBERLANDIA,317020,10,2023,9,NÃO
1,Estupro Tentado,UBERLANDIA,317020,10,2023,9,NÃO
0,Extorsão Consumado,UBERLANDIA,317020,10,2023,9,NÃO
1,Extorsão Mediante Sequestro Consumado,UBERLANDIA,317020,10,2023,9,NÃO
0,Extorsão Tentado,UBERLANDIA,317020,10,2023,9,NÃO
6,Homicídio Tentado,UBERLANDIA,317020,10,2023,9,NÃO
98,Roubo Consumado,UBERLANDIA,317020,10,2023,9,NÃO
7,Roubo Tentado,UBERLANDIA,317020,10,2023,9,NÃO
1,Sequestro e Cárcere Privado Consumado,UBERLANDIA,317020,10,2023,9,NÃO
0,Sequestro e Cárcere Privado Tentado,UBERLANDIA,317020,10,2023,9,NÃO
2,Estupro Consumado,UBERLANDIA,317020,11,2023,9,NÃO
3,Estupro de Vulnerável Consumado,UBERLANDIA,317020,11,2023,9,NÃO
0,Estupro de Vulnerável Tentado,UBERLANDIA,317020,11,2023,9,NÃO
0,Estupro Tentado,UBERLANDIA,317020,11,2023,9,NÃO
0,Extorsão Consumado,UBERLANDIA,317020,11,2023,9,NÃO
0,Extorsão Mediante Sequestro Consumado,UBERLANDIA,317020,11,2023,9,NÃO
1,Extorsão Tentado,UBERLANDIA,317020,11,2023,9,NÃO
5,Homicídio Tentado,UBERLANDIA,317020,11,2023,9,NÃO
67,Roubo Consumado,UBERLANDIA,317020,11,2023,9,NÃO
11,Roubo Tentado,UBERLANDIA,317020,11,2023,9,NÃO
2,Sequestro e Cárcere Privado Consumado,UBERLANDIA,317020,11,2023,9,NÃO
0,Sequestro e Cárcere Privado Tentado,UBERLANDIA,317020,11,2023,9,NÃO
3,Estupro Consumado,UBERLANDIA,317020,12,2023,9,NÃO
7,Estupro de Vulnerável Consumado,UBERLANDIA,317020,12,2023,9,NÃO
0,Estupro de Vulnerável Tentado,UBERLANDIA,317020,12,2023,9,NÃO
0,Estupro Tentado,UBERLANDIA,317020,12,2023,9,NÃO
5,Extorsão Consumado,UBERLANDIA,317020,12,2023,9,NÃO
0,Extorsão Mediante Sequestro Consumado,UBERLANDIA,317020,12,2023,9,NÃO
0,Extorsão Tentado,UBERLANDIA,317020,12,2023,9,NÃO
5,Homicídio Tentado,UBERLANDIA,317020,12,2023,9,NÃO
64,Roubo Consumado,UBERLANDIA,317020,12,2023,9,NÃO
6,Roubo Tentado,UBERLANDIA,317020,12,2023,9,NÃO
1,Sequestro e Cárcere Privado Consumado,UBERLANDIA,317020,12,2023,9,NÃO
0,Sequestro e Cárcere Privado Tentado,UBERLANDIA,317020,12,2023,9,NÃO
3,Homicídio Consumado (Registros),UBERLANDIA,317020,1,2023,9,NÃO
6,Homicídio Consumado (Registros),UBERLANDIA,317020,2,2023,9,NÃO
7,Homicídio Consumado (Registros),UBERLANDIA,317020,3,2023,9,NÃO
1,Homicídio Consumado (Registros),UBERLANDIA,317020,4,2023,9,NÃO
5,Homicídio Consumado (Registros),UBERLANDIA,317020,5,2023,9,NÃO
1,Homicídio Consumado (Registros),UBERLANDIA,317020,6,2023,9,NÃO
3,Homicídio Consumado (Registros),UBERLANDIA,317020,7,2023,9,NÃO
8,Homicídio Consumado (Registros),UBERLANDIA,317020,8,2023,9,NÃO
6,Homicídio Consumado (Registros),UBERLANDIA,317020,9,2023,9,NÃO
4,Homicídio Consumado (Registros),UBERLANDIA,317020,10,2023,9,NÃO
7,Homicídio Consumado (Registros),UBERLANDIA,317020,11,2023,9,NÃO
3,Homicídio Consumado (Registros),UBERLANDIA,317020,12,2023,9,NÃO
5,Estupro Consumado,UBERLANDIA,317020,1,2024,9,NÃO
12,Estupro de Vulnerável Consumado,UBERLANDIA,317020,1,2024,9,NÃO
0,Estupro de Vulnerável Tentado,UBERLANDIA,317020,1,2024,9,NÃO
1,Estupro Tentado,UBERLANDIA,317020,1,2024,9,NÃO
0,Extorsão Consumado,UBERLANDIA,317020,1,2024,9,NÃO
1,Extorsão Mediante Sequestro Consumado,UBERLANDIA,317020,1,2024,9,NÃO
0,Extorsão Tentado,UBERLANDIA,317020,1,2024,9,NÃO
5,Homicídio Tentado,UBERLANDIA,317020,1,2024,9,NÃO
101,Roubo Consumado,UBERLANDIA,317020,1,2024,9,NÃO
12,Roubo Tentado,UBERLANDIA,317020,1,2024,9,NÃO
1,Sequestro e Cárcere Privado Consumado,UBERLANDIA,317020,1,2024,9,NÃO
0,Sequestro e Cárcere Privado Tentado,UBERLANDIA,317020,1,2024,9,NÃO
1,Estupro Consumado,UBERLANDIA,317020,2,2024,9,NÃO
7,Estupro de Vulnerável Consumado,UBERLANDIA,317020,2,2024,9,NÃO
0,Estupro de Vulnerável Tentado,UBERLANDIA,317020,2,2024,9,NÃO
0,Estupro Tentado,UBERLANDIA,317020,2,2024,9,NÃO
1,Extorsão Consumado,UBERLANDIA,317020,2,2024,9,NÃO
0,Extorsão Mediante Sequestro Consumado,UBERLANDIA,317020,2,2024,9,NÃO
0,Extorsão Tentado,UBERLANDIA,317020,2,2024,9,NÃO
8,Homicídio Tentado,UBERLANDIA,317020,2,2024,9,NÃO
86,Roubo Consumado,UBERLANDIA,317020,2,2024,9,NÃO
8,Roubo Tentado,UBERLANDIA,317020,2,2024,9,NÃO
1,Sequestro e Cárcere Privado Consumado,UBERLANDIA,317020,2,2024,9,NÃO
0,Sequestro e Cárcere Privado Tentado,UBERLANDIA,317020,2,2024,9,NÃO
6,Estupro Consumado,UBERLANDIA,317020,3,2024,9,NÃO
11,Estupro de Vulnerável Consumado,UBERLANDIA,317020,3,2024,9,NÃO
0,Estupro de Vulnerável Tentado,UBERLANDIA,317020,3,2024,9,NÃO
0,Estupro Tentado,UBERLANDIA,317020,3,2024,9,NÃO
2,Extorsão Consumado,UBERLANDIA,317020,3,2024,9,NÃO
0,Extorsão Mediante Sequestro Consumado,UBERLANDIA,317020,3,2024,9,NÃO
0,Extorsão Tentado,UBERLANDIA,317020,3,2024,9,NÃO
12,Homicídio Tentado,UBERLANDIA,317020,3,2024,9,NÃO
81,Roubo Consumado,UBERLANDIA,317020,3,2024,9,NÃO
9,Roubo Tentado,UBERLANDIA,317020,3,2024,9,NÃO
0,Sequestro e Cárcere Privado Consumado,UBERLANDIA,317020,3,2024,9,NÃO
0,Sequestro e Cárcere Privado Tentado,UBERLANDIA,317020,3,2024,9,NÃO
6,Estupro Consumado,UBERLANDIA,317020,4,2024,9,NÃO
6,Estupro de Vulnerável Consumado,UBERLANDIA,317020,4,2024,9,NÃO
0,Estupro de Vulnerável Tentado,UBERLANDIA,317020,4,2024,9,NÃO
1,Estupro Tentado,UBERLANDIA,317020,4,2024,9,NÃO
4,Extorsão Consumado,UBERLANDIA,317020,4,2024,9,NÃO
0,Extorsão Mediante Sequestro Consumado,UBERLANDIA,317020,4,2024,9,NÃO
0,Extorsão Tentado,UBERLANDIA,317020,4,2024,9,NÃO
4,Homicídio Tentado,UBERLANDIA,317020,4,2024,9,NÃO
77,Roubo Consumado,UBERLANDIA,317020,4,2024,9,NÃO
5,Roubo Tentado,UBERLANDIA,317020,4,2024,9,NÃO
1,Sequestro e Cárcere Privado Consumado,UBERLANDIA,317020,4,2024,9,NÃO
0,Sequestro e Cárcere Privado Tentado,UBERLANDIA,317020,4,2024,9,NÃO
1,Estupro Consumado,UBERLANDIA,317020,5,2024,9,NÃO
11,Estupro de Vulnerável Consumado,UBERLANDIA,317020,5,2024,9,NÃO
0,Estupro de Vulnerável Tentado,UBERLANDIA,317020,5,2024,9,NÃO
0,Estupro Tentado,UBERLANDIA,317020,5,2024,9,NÃO
2,Extorsão Consumado,UBERLANDIA,317020,5,2024,9,NÃO
0,Extorsão Mediante Sequestro Consumado,UBERLANDIA,317020,5,2024,9,NÃO
1,Extorsão Tentado,UBERLANDIA,317020,5,2024,9,NÃO
7,Homicídio Tentado,UBERLANDIA,317020,5,2024,9,NÃO
96,Roubo Consumado,UBERLANDIA,317020,5,2024,9,NÃO
9,Roubo Tentado,UBERLANDIA,317020,5,2024,9,NÃO
2,Sequestro e Cárcere Privado Consumado,UBERLANDIA,317020,5,2024,9,NÃO
0,Sequestro e Cárcere Privado Tentado,UBERLANDIA,317020,5,2024,9,NÃO
1,Estupro Consumado,UBERLANDIA,317020,6,2024,9,NÃO
9,Estupro de Vulnerável Consumado,UBERLANDIA,317020,6,2024,9,NÃO
0,Estupro de Vulnerável Tentado,UBERLANDIA,317020,6,2024,9,NÃO
1,Estupro Tentado,UBERLANDIA,317020,6,2024,9,NÃO
2,Extorsão Consumado,UBERLANDIA,317020,6,2024,9,NÃO
0,Extorsão Mediante Sequestro Consumado,UBERLANDIA,317020,6,2024,9,NÃO
0,Extorsão Tentado,UBERLANDIA,317020,6,2024,9,NÃO
4,Homicídio Tentado,UBERLANDIA,317020,6,2024,9,NÃO
125,Roubo Consumado,UBERLANDIA,317020,6,2024,9,NÃO
12,Roubo Tentado,UBERLANDIA,317020,6,2024,9,NÃO
2,Sequestro e Cárcere Privado Consumado,UBERLANDIA,317020,6,2024,9,NÃO
0,Sequestro e Cárcere Privado Tentado,UBERLANDIA,317020,6,2024,9,NÃO
2,Estupro Consumado,UBERLANDIA,317020,7,2024,9,NÃO
6,Estupro de Vulnerável Consumado,UBERLANDIA,317020,7,2024,9,NÃO
0,Estupro de Vulnerável Tentado,UBERLANDIA,317020,7,2024,9,NÃO
1,Estupro Tentado,UBERLANDIA,317020,7,2024,9,NÃO
1,Extorsão Consumado,UBERLANDIA,317020,7,2024,9,NÃO
1,Extorsão Mediante Sequestro Consumado,UBERLANDIA,317020,7,2024,9,NÃO
0,Extorsão Tentado,UBERLANDIA,317020,7,2024,9,NÃO
10,Homicídio Tentado,UBERLANDIA,317020,7,2024,9,NÃO
165,Roubo Consumado,UBERLANDIA,317020,7,2024,9,NÃO
12,Roubo Tentado,UBERLANDIA,317020,7,2024,9,NÃO
1,Sequestro e Cárcere Privado Consumado,UBERLANDIA,317020,7,2024,9,NÃO
0,Sequestro e Cárcere Privado Tentado,UBERLANDIA,317020,7,2024,9,NÃO
3,Estupro Consumado,UBERLANDIA,317020,8,2024,9,NÃO
8,Estupro de Vulnerável Consumado,UBERLANDIA,317020,8,2024,9,NÃO
0,Estupro de Vulnerável Tentado,UBERLANDIA,317020,8,2024,9,NÃO
1,Estupro Tentado,UBERLANDIA,317020,8,2024,9,NÃO
3,Extorsão Consumado,UBERLANDIA,317020,8,2024,9,NÃO
0,Extorsão Mediante Sequestro Consumado,UBERLANDIA,317020,8,2024,9,NÃO
1,Extorsão Tentado,UBERLANDIA,317020,8,2024,9,NÃO
7,Homicídio Tentado,UBERLANDIA,317020,8,2024,9,NÃO
129,Roubo Consumado,UBERLANDIA,317020,8,2024,9,NÃO
18,Roubo Tentado,UBERLANDIA,317020,8,2024,9,NÃO
0,Sequestro e Cárcere Privado Consumado,UBERLANDIA,317020,8,2024,9,NÃO
0,Sequestro e Cárcere Privado Tentado,UBERLANDIA,317020,8,2024,9,NÃO
1,Estupro Consumado,UBERLANDIA,317020,9,2024,9,NÃO
6,Estupro de Vulnerável Consumado,UBERLANDIA,317020,9,2024,9,NÃO
1,Estupro de Vulnerável Tentado,UBERLANDIA,317020,9,2024,9,NÃO
1,Estupro Tentado,UBERLANDIA,317020,9,2024,9,NÃO
3,Extorsão Consumado,UBERLANDIA,317020,9,2024,9,NÃO
0,Extorsão Mediante Sequestro Consumado,UBERLANDIA,317020,9,2024,9,NÃO
0,Extorsão Tentado,UBERLANDIA,317020,9,2024,9,NÃO
7,Homicídio Tentado,UBERLANDIA,317020,9,2024,9,NÃO
116,Roubo Consumado,UBERLANDIA,317020,9,2024,9,NÃO
5,Roubo Tentado,UBERLANDIA,317020,9,2024,9,NÃO
1,Sequestro e Cárcere Privado Consumado,UBERLANDIA,317020,9,2024,9,NÃO
0,Sequestro e Cárcere Privado Tentado,UBERLANDIA,317020,9,2024,9,NÃO
8,Estupro Consumado,UBERLANDIA,317020,10,2024,9,NÃO
4,Estupro de Vulnerável Consumado,UBERLANDIA,317020,10,2024,9,NÃO
0,Estupro de Vulnerável Tentado,UBERLANDIA,317020,10,2024,9,NÃO
1,Estupro Tentado,UBERLANDIA,317020,10,2024,9,NÃO
3,Extorsão Consumado,UBERLANDIA,317020,10,2024,9,NÃO
0,Extorsão Mediante Sequestro Consumado,UBERLANDIA,317020,10,2024,9,NÃO
1,Extorsão Tentado,UBERLANDIA,317020,10,2024,9,NÃO
5,Homicídio Tentado,UBERLANDIA,317020,10,2024,9,NÃO
118,Roubo Consumado,UBERLANDIA,317020,10,2024,9,NÃO
10,Roubo Tentado,UBERLANDIA,317020,10,2024,9,NÃO
2,Sequestro e Cárcere Privado Consumado,UBERLANDIA,317020,10,2024,9,NÃO
0,Sequestro e Cárcere Privado Tentado,UBERLANDIA,317020,10,2024,9,NÃO
3,Estupro Consumado,UBERLANDIA,317020,11,2024,9,NÃO
7,Estupro de Vulnerável Consumado,UBERLANDIA,317020,11,2024,9,NÃO
0,Estupro de Vulnerável Tentado,UBERLANDIA,317020,11,2024,9,NÃO
0,Estupro Tentado,UBERLANDIA,317020,11,2024,9,NÃO
4,Extorsão Consumado,UBERLANDIA,317020,11,2024,9,NÃO
0,Extorsão Mediante Sequestro Consumado,UBERLANDIA,317020,11,2024,9,NÃO
0,Extorsão Tentado,UBERLANDIA,317020,11,2024,9,NÃO
7,Homicídio Tentado,UBERLANDIA,317020,11,2024,9,NÃO
91,Roubo Consumado,UBERLANDIA,317020,11,2024,9,NÃO
8,Roubo Tentado,UBERLANDIA,317020,11,2024,9,NÃO
1,Sequestro e Cárcere Privado Consumado,UBERLANDIA,317020,11,2024,9,NÃO
0,Sequestro e Cárcere Privado Tentado,UBERLANDIA,317020,11,2024,9,NÃO
4,Estupro Consumado,UBERLANDIA,317020,12,2024,9,NÃO
3,Estupro de Vulnerável Consumado,UBERLANDIA,317020,12,2024,9,NÃO
0,Estupro de Vulnerável Tentado,UBERLANDIA,317020,12,2024,9,NÃO
0,Estupro Tentado,UBERLANDIA,317020,12,2024,9,NÃO
1,Extorsão Consumado,UBERLANDIA,317020,12,2024,9,NÃO
0,Extorsão Mediante Sequestro Consumado,UBERLANDIA,317020,12,2024,9,NÃO
0,Extorsão Tentado,UBERLANDIA,317020,12,2024,9,NÃO
7,Homicídio Tentado,UBERLANDIA,317020,12,2024,9,NÃO
125,Roubo Consumado,UBERLANDIA,317020,12,2024,9,NÃO
11,Roubo Tentado,UBERLANDIA,317020,12,2024,9,NÃO
0,Sequestro e Cárcere Privado Consumado,UBERLANDIA,317020,12,2024,9,NÃO
0,Sequestro e Cárcere Privado Tentado,UBERLANDIA,317020,12,2024,9,NÃO
6,Homicídio Consumado (Registros),UBERLANDIA,317020,1,2024,9,NÃO
2,Homicídio Consumado (Registros),UBERLANDIA,317020,2,2024,9,NÃO
7,Homicídio Consumado (Registros),UBERLANDIA,317020,3,2024,9,NÃO
6,Homicídio Consumado (Registros),UBERLANDIA,317020,4,2024,9,NÃO
9,Homicídio Consumado (Registros),UBERLANDIA,317020,5,2024,9,NÃO
2,Homicídio Consumado (Registros),UBERLANDIA,317020,6,2024,9,NÃO
2,Homicídio Consumado (Registros),UBERLANDIA,317020,7,2024,9,NÃO
9,Homicídio Consumado (Registros),UBERLANDIA,317020,8,2024,9,NÃO
6,Homicídio Consumado (Registros),UBERLANDIA,317020,9,2024,9,NÃO
7,Homicídio Consumado (Registros),UBERLANDIA,317020,10,2024,9,NÃO
10,Homicídio Consumado (Registros),UBERLANDIA,317020,11,2024,9,NÃO
2,Homicídio Consumado (Registros),UBERLANDIA,317020,12,2024,9,NÃO
4,ESTUPRO CONSUMADO,UBERLANDIA,317020,1,2025,RISP 9 - UBERLÂNDIA,NÃO
8,ESTUPRO DE VULNERAVEL CONSUMADO,UBERLANDIA,317020,1,2025,RISP 9 - UBERLÂNDIA,NÃO
2,ESTUPRO DE VULNERAVEL TENTADO,UBERLANDIA,317020,1,2025,RISP 9 - UBERLÂNDIA,NÃO
0,ESTUPRO TENTADO,UBERLANDIA,317020,1,2025,RISP 9 - UBERLÂNDIA,NÃO
0,EXTORSAO CONSUMADO,UBERLANDIA,317020,1,2025,RISP 9 - UBERLÂNDIA,NÃO
0,EXTORSAO MEDIANTE SEQUESTRO CONSUMADO,UBERLANDIA,317020,1,2025,RISP 9 - UBERLÂNDIA,NÃO
0,EXTORSAO TENTADO,UBERLANDIA,317020,1,2025,RISP 9 - UBERLÂNDIA,NÃO
0,FEMINICIDIO TENTADO,UBERLANDIA,317020,1,2025,RISP 9 - UBERLÂNDIA,NÃO
5,HOMICIDIO TENTADO,UBERLANDIA,317020,1,2025,RISP 9 - UBERLÂNDIA,NÃO
126,ROUBO CONSUMADO,UBERLANDIA,317020,1,2025,RISP 9 - UBERLÂNDIA,NÃO
8,ROUBO TENTADO,UBERLANDIA,317020,1,2025,RISP 9 - UBERLÂNDIA,NÃO
1,SEQUESTRO E CARCERE PRIVADO CONSUMADO,UBERLANDIA,317020,1,2025,RISP 9 - UBERLÂNDIA,NÃO
0,SEQUESTRO E CARCERE PRIVADO TENTADO,UBERLANDIA,317020,1,2025,RISP 9 - UBERLÂNDIA,NÃO
3,ESTUPRO CONSUMADO,UBERLANDIA,317020,2,2025,RISP 9 - UBERLÂNDIA,NÃO
7,ESTUPRO DE VULNERAVEL CONSUMADO,UBERLANDIA,317020,2,2025,RISP 9 - UBERLÂNDIA,NÃO
0,ESTUPRO DE VULNERAVEL TENTADO,UBERLANDIA,317020,2,2025,RISP 9 - UBERLÂNDIA,NÃO
0,ESTUPRO TENTADO,UBERLANDIA,317020,2,2025,RISP 9 - UBERLÂNDIA,NÃO
2,EXTORSAO CONSUMADO,UBERLANDIA,317020,2,2025,RISP 9 - UBERLÂNDIA,NÃO
0,EXTORSAO MEDIANTE SEQUESTRO CONSUMADO,UBERLANDIA,317020,2,2025,RISP 9 - UBERLÂNDIA,NÃO
0,EXTORSAO TENTADO,UBERLANDIA,317020,2,2025,RISP 9 - UBERLÂNDIA,NÃO
0,FEMINICIDIO TENTADO,UBERLANDIA,317020,2,2025,RISP 9 - UBERLÂNDIA,NÃO
7,HOMICIDIO TENTADO,UBERLANDIA,317020,2,2025,RISP 9 - UBERLÂNDIA,NÃO
112,ROUBO CONSUMADO,UBERLANDIA,317020,2,2025,RISP 9 - UBERLÂNDIA,NÃO
7,ROUBO TENTADO,UBERLANDIA,317020,2,2025,RISP 9 - UBERLÂNDIA,NÃO
0,SEQUESTRO E CARCERE PRIVADO CONSUMADO,UBERLANDIA,317020,2,2025,RISP 9 - UBERLÂNDIA,NÃO
0,SEQUESTRO E CARCERE PRIVADO TENTADO,UBERLANDIA,317020,2,2025,RISP 9 - UBERLÂNDIA,NÃO
1,ESTUPRO CONSUMADO,UBERLANDIA,317020,3,2025,RISP 9 - UBERLÂNDIA,NÃO
14,ESTUPRO DE VULNERAVEL CONSUMADO,UBERLANDIA,317020,3,2025,RISP 9 - UBERLÂNDIA,NÃO
1,ESTUPRO DE VULNERAVEL TENTADO,UBERLANDIA,317020,3,2025,RISP 9 - UBERLÂNDIA,NÃO
1,ESTUPRO TENTADO,UBERLANDIA,317020,3,2025,RISP 9 - UBERLÂNDIA,NÃO
3,EXTORSAO CONSUMADO,UBERLANDIA,317020,3,2025,RISP 9 - UBERLÂNDIA,NÃO
0,EXTORSAO MEDIANTE SEQUESTRO CONSUMADO,UBERLANDIA,317020,3,2025,RISP 9 - UBERLÂNDIA,NÃO
0,EXTORSAO TENTADO,UBERLANDIA,317020,3,2025,RISP 9 - UBERLÂNDIA,NÃO
0,FEMINICIDIO TENTADO,UBERLANDIA,317020,3,2025,RISP 9 - UBERLÂNDIA,NÃO
7,HOMICIDIO TENTADO,UBERLANDIA,317020,3,2025,RISP 9 - UBERLÂNDIA,NÃO
78,ROUBO CONSUMADO,UBERLANDIA,317020,3,2025,RISP 9 - UBERLÂNDIA,NÃO
12,ROUBO TENTADO,UBERLANDIA,317020,3,2025,RISP 9 - UBERLÂNDIA,NÃO
1,SEQUESTRO E CARCERE PRIVADO CONSUMADO,UBERLANDIA,317020,3,2025,RISP 9 - UBERLÂNDIA,NÃO
0,SEQUESTRO E CARCERE PRIVADO TENTADO,UBERLANDIA,317020,3,2025,RISP 9 - UBERLÂNDIA,NÃO
2,ESTUPRO CONSUMADO,UBERLANDIA,317020,4,2025,RISP 9 - UBERLÂNDIA,NÃO
10,ESTUPRO DE VULNERAVEL CONSUMADO,UBERLANDIA,317020,4,2025,RISP 9 - UBERLÂNDIA,NÃO
0,ESTUPRO DE VULNERAVEL TENTADO,UBERLANDIA,317020,4,2025,RISP 9 - UBERLÂNDIA,NÃO
0,ESTUPRO TENTADO,UBERLANDIA,317020,4,2025,RISP 9 - UBERLÂNDIA,NÃO
0,EXTORSAO CONSUMADO,UBERLANDIA,317020,4,2025,RISP 9 - UBERLÂNDIA,NÃO
1,EXTORSAO MEDIANTE SEQUESTRO CONSUMADO,UBERLANDIA,317020,4,2025,RISP 9 - UBERLÂNDIA,NÃO
0,EXTORSAO TENTADO,UBERLANDIA,317020,4,2025,RISP 9 - UBERLÂNDIA,NÃO
0,FEMINICIDIO TENTADO,UBERLANDIA,317020,4,2025,RISP 9 - UBERLÂNDIA,NÃO
8,HOMICIDIO TENTADO,UBERLANDIA,317020,4,2025,RISP 9 - UBERLÂNDIA,NÃO
82,ROUBO CONSUMADO,UBERLANDIA,317020,4,2025,RISP 9 - UBERLÂNDIA,NÃO
8,ROUBO TENTADO,UBERLANDIA,317020,4,2025,RISP 9 - UBERLÂNDIA,NÃO
0,SEQUESTRO E CARCERE PRIVADO CONSUMADO,UBERLANDIA,317020,4,2025,RISP 9 - UBERLÂNDIA,NÃO
0,SEQUESTRO E CARCERE PRIVADO TENTADO,UBERLANDIA,317020,4,2025,RISP 9 - UBERLÂNDIA,NÃO
2,ESTUPRO CONSUMADO,UBERLANDIA,317020,5,2025,RISP 9 - UBERLÂNDIA,NÃO
7,ESTUPRO DE VULNERAVEL CONSUMADO,UBERLANDIA,317020,5,2025,RISP 9 - UBERLÂNDIA,NÃO
0,ESTUPRO DE VULNERAVEL TENTADO,UBERLANDIA,317020,5,2025,RISP 9 - UBERLÂNDIA,NÃO
0,ESTUPRO TENTADO,UBERLANDIA,317020,5,2025,RISP 9 - UBERLÂNDIA,NÃO
2,EXTORSAO CONSUMADO,UBERLANDIA,317020,5,2025,RISP 9 - UBERLÂNDIA,NÃO
0,EXTORSAO MEDIANTE SEQUESTRO CONSUMADO,UBERLANDIA,317020,5,2025,RISP 9 - UBERLÂNDIA,NÃO
0,EXTORSAO TENTADO,UBERLANDIA,317020,5,2025,RISP 9 - UBERLÂNDIA,NÃO
0,FEMINICIDIO TENTADO,UBERLANDIA,317020,5,2025,RISP 9 - UBERLÂNDIA,NÃO
7,HOMICIDIO TENTADO,UBERLANDIA,317020,5,2025,RISP 9 - UBERLÂNDIA,NÃO
77,ROUBO CONSUMADO,UBERLANDIA,317020,5,2025,RISP 9 - UBERLÂNDIA,NÃO
8,ROUBO TENTADO,UBERLANDIA,317020,5,2025,RISP 9 - UBERLÂNDIA,NÃO
2,SEQUESTRO E CARCERE PRIVADO CONSUMADO,UBERLANDIA,317020,5,2025,RISP 9 - UBERLÂNDIA,NÃO
0,SEQUESTRO E CARCERE PRIVADO TENTADO,UBERLANDIA,317020,5,2025,RISP 9 - UBERLÂNDIA,NÃO
5,ESTUPRO CONSUMADO,UBERLANDIA,317020,6,2025,RISP 9 - UBERLÂNDIA,NÃO
8,ESTUPRO DE VULNERAVEL CONSUMADO,UBERLANDIA,317020,6,2025,RISP 9 - UBERLÂNDIA,NÃO
0,ESTUPRO DE VULNERAVEL TENTADO,UBERLANDIA,317020,6,2025,RISP 9 - UBERLÂNDIA,NÃO
0,ESTUPRO TENTADO,UBERLANDIA,317020,6,2025,RISP 9 - UBERLÂNDIA,NÃO
3,EXTORSAO CONSUMADO,UBERLANDIA,317020,6,2025,RISP 9 - UBERLÂNDIA,NÃO
0,EXTORSAO MEDIANTE SEQUESTRO CONSUMADO,UBERLANDIA,317020,6,2025,RISP 9 - UBERLÂNDIA,NÃO
0,EXTORSAO TENTADO,UBERLANDIA,317020,6,2025,RISP 9 - UBERLÂNDIA,NÃO
0,FEMINICIDIO TENTADO,UBERLANDIA,317020,6,2025,RISP 9 - UBERLÂNDIA,NÃO
5,HOMICIDIO TENTADO,UBERLANDIA,317020,6,2025,RISP 9 - UBERLÂNDIA,NÃO
69,ROUBO CONSUMADO,UBERLANDIA,317020,6,2025,RISP 9 - UBERLÂNDIA,NÃO
4,ROUBO TENTADO,UBERLANDIA,317020,6,2025,RISP 9 - UBERLÂNDIA,NÃO
0,SEQUESTRO E CARCERE PRIVADO CONSUMADO,UBERLANDIA,317020,6,2025,RISP 9 - UBERLÂNDIA,NÃO
0,SEQUESTRO E CARCERE PRIVADO TENTADO,UBERLANDIA,317020,6,2025,RISP 9 - UBERLÂNDIA,NÃO
3,ESTUPRO CONSUMADO,UBERLANDIA,317020,7,2025,RISP 9 - UBERLÂNDIA,NÃO
7,ESTUPRO DE VULNERAVEL CONSUMADO,UBERLANDIA,317020,7,2025,RISP 9 - UBERLÂNDIA,NÃO
0,ESTUPRO DE VULNERAVEL TENTADO,UBERLANDIA,317020,7,2025,RISP 9 - UBERLÂNDIA,NÃO
0,ESTUPRO TENTADO,UBERLANDIA,317020,7,2025,RISP 9 - UBERLÂNDIA,NÃO
4,EXTORSAO CONSUMADO,UBERLANDIA,317020,7,2025,RISP 9 - UBERLÂNDIA,NÃO
0,EXTORSAO MEDIANTE SEQUESTRO CONSUMADO,UBERLANDIA,317020,7,2025,RISP 9 - UBERLÂNDIA,NÃO
1,EXTORSAO TENTADO,UBERLANDIA,317020,7,2025,RISP 9 - UBERLÂNDIA,NÃO
0,FEMINICIDIO TENTADO,UBERLANDIA,317020,7,2025,RISP 9 - UBERLÂNDIA,NÃO
6,HOMICIDIO TENTADO,UBERLANDIA,317020,7,2025,RISP 9 - UBERLÂNDIA,NÃO
71,ROUBO CONSUMADO,UBERLANDIA,317020,7,2025,RISP 9 - UBERLÂNDIA,NÃO
3,ROUBO TENTADO,UBERLANDIA,317020,7,2025,RISP 9 - UBERLÂNDIA,NÃO
2,SEQUESTRO E CARCERE PRIVADO CONSUMADO,UBERLANDIA,317020,7,2025,RISP 9 - UBERLÂNDIA,NÃO
0,SEQUESTRO E CARCERE PRIVADO TENTADO,UBERLANDIA,317020,7,2025,RISP 9 - UBERLÂNDIA,NÃO
4,ESTUPRO CONSUMADO,UBERLANDIA,317020,8,2025,RISP 9 - UBERLÂNDIA,NÃO
13,ESTUPRO DE VULNERAVEL CONSUMADO,UBERLANDIA,317020,8,2025,RISP 9 - UBERLÂNDIA,NÃO
0,ESTUPRO DE VULNERAVEL TENTADO,UBERLANDIA,317020,8,2025,RISP 9 - UBERLÂNDIA,NÃO
1,ESTUPRO TENTADO,UBERLANDIA,317020,8,2025,RISP 9 - UBERLÂNDIA,NÃO
3,EXTORSAO CONSUMADO,UBERLANDIA,317020,8,2025,RISP 9 - UBERLÂNDIA,NÃO
0,EXTORSAO MEDIANTE SEQUESTRO CONSUMADO,UBERLANDIA,317020,8,2025,RISP 9 - UBERLÂNDIA,NÃO
0,EXTORSAO TENTADO,UBERLANDIA,317020,8,2025,RISP 9 - UBERLÂNDIA,NÃO
2,FEMINICIDIO TENTADO,UBERLANDIA,317020,8,2025,RISP 9 - UBERLÂNDIA,NÃO
4,HOMICIDIO TENTADO,UBERLANDIA,317020,8,2025,RISP 9 - UBERLÂNDIA,NÃO
61,ROUBO CONSUMADO,UBERLANDIA,317020,8,2025,RISP 9 - UBERLÂNDIA,NÃO
10,ROUBO TENTADO,UBERLANDIA,317020,8,2025,RISP 9 - UBERLÂNDIA,NÃO
1,SEQUESTRO E CARCERE PRIVADO CONSUMADO,UBERLANDIA,317020,8,2025,RISP 9 - UBERLÂNDIA,NÃO
0,SEQUESTRO E CARCERE PRIVADO TENTADO,UBERLANDIA,317020,8,2025,RISP 9 - UBERLÂNDIA,NÃO
4,ESTUPRO CONSUMADO,UBERLANDIA,317020,9,2025,RISP 9 - UBERLÂNDIA,NÃO
10,ESTUPRO DE VULNERAVEL CONSUMADO,UBERLANDIA,317020,9,2025,RISP 9 - UBERLÂNDIA,NÃO
0,ESTUPRO DE VULNERAVEL TENTADO,UBERLANDIA,317020,9,2025,RISP 9 - UBERLÂNDIA,NÃO
0,ESTUPRO TENTADO,UBERLANDIA,317020,9,2025,RISP 9 - UBERLÂNDIA,NÃO
1,EXTORSAO CONSUMADO,UBERLANDIA,317020,9,2025,RISP 9 - UBERLÂNDIA,NÃO
1,EXTORSAO MEDIANTE SEQUESTRO CONSUMADO,UBERLANDIA,317020,9,2025,RISP 9 - UBERLÂNDIA,NÃO
0,EXTORSAO TENTADO,UBERLANDIA,317020,9,2025,RISP 9 - UBERLÂNDIA,NÃO
0,FEMINICIDIO TENTADO,UBERLANDIA,317020,9,2025,RISP 9 - UBERLÂNDIA,NÃO
6,HOMICIDIO TENTADO,UBERLANDIA,317020,9,2025,RISP 9 - UBERLÂNDIA,NÃO
60,ROUBO CONSUMADO,UBERLANDIA,317020,9,2025,RISP 9 - UBERLÂNDIA,NÃO
5,ROUBO TENTADO,UBERLANDIA,317020,9,2025,RISP 9 - UBERLÂNDIA,NÃO
0,SEQUESTRO E CARCERE PRIVADO CONSUMADO,UBERLANDIA,317020,9,2025,RISP 9 - UBERLÂNDIA,NÃO
0,SEQUESTRO E CARCERE PRIVADO TENTADO,UBERLANDIA,317020,9,2025,RISP 9 - UBERLÂNDIA,NÃO
6,ESTUPRO CONSUMADO,UBERLANDIA,317020,10,2025,RISP 9 - UBERLÂNDIA,NÃO
10,ESTUPRO DE VULNERAVEL CONSUMADO,UBERLANDIA,317020,10,2025,RISP 9 - UBERLÂNDIA,NÃO
0,ESTUPRO DE VULNERAVEL TENTADO,UBERLANDIA,317020,10,2025,RISP 9 - UBERLÂNDIA,NÃO
1,ESTUPRO TENTADO,UBERLANDIA,317020,10,2025,RISP 9 - UBERLÂNDIA,NÃO
5,EXTORSAO CONSUMADO,UBERLANDIA,317020,10,2025,RISP 9 - UBERLÂNDIA,NÃO
0,EXTORSAO MEDIANTE SEQUESTRO CONSUMADO,UBERLANDIA,317020,10,2025,RISP 9 - UBERLÂNDIA,NÃO
0,EXTORSAO TENTADO,UBERLANDIA,317020,10,2025,RISP 9 - UBERLÂNDIA,NÃO
1,FEMINICIDIO TENTADO,UBERLANDIA,317020,10,2025,RISP 9 - UBERLÂNDIA,NÃO
6,HOMICIDIO TENTADO,UBERLANDIA,317020,10,2025,RISP 9 - UBERLÂNDIA,NÃO
61,ROUBO CONSUMADO,UBERLANDIA,317020,10,2025,RISP 9 - UBERLÂNDIA,NÃO
2,ROUBO TENTADO,UBERLANDIA,317020,10,2025,RISP 9 - UBERLÂNDIA,NÃO
0,SEQUESTRO E CARCERE PRIVADO CONSUMADO,UBERLANDIA,317020,10,2025,RISP 9 - UBERLÂNDIA,NÃO
0,SEQUESTRO E CARCERE PRIVADO TENTADO,UBERLANDIA,317020,10,2025,RISP 9 - UBERLÂNDIA,NÃO
8,ESTUPRO CONSUMADO,UBERLANDIA,317020,11,2025,RISP 9 - UBERLÂNDIA,NÃO
5,ESTUPRO DE VULNERAVEL CONSUMADO,UBERLANDIA,317020,11,2025,RISP 9 - UBERLÂNDIA,NÃO
0,ESTUPRO DE VULNERAVEL TENTADO,UBERLANDIA,317020,11,2025,RISP 9 - UBERLÂNDIA,NÃO
1,ESTUPRO TENTADO,UBERLANDIA,317020,11,2025,RISP 9 - UBERLÂNDIA,NÃO
6,EXTORSAO CONSUMADO,UBERLANDIA,317020,11,2025,RISP 9 - UBERLÂNDIA,NÃO
0,EXTORSAO MEDIANTE SEQUESTRO CONSUMADO,UBERLANDIA,317020,11,2025,RISP 9 - UBERLÂNDIA,NÃO
0,EXTORSAO TENTADO,UBERLANDIA,317020,11,2025,RISP 9 - UBERLÂNDIA,NÃO
1,FEMINICIDIO TENTADO,UBERLANDIA,317020,11,2025,RISP 9 - UBERLÂNDIA,NÃO
4,HOMICIDIO TENTADO,UBERLANDIA,317020,11,2025,RISP 9 - UBERLÂNDIA,NÃO
35,ROUBO CONSUMADO,UBERLANDIA,317020,11,2025,RISP 9 - UBERLÂNDIA,NÃO
2,ROUBO TENTADO,UBERLANDIA,317020,11,2025,RISP 9 - UBERLÂNDIA,NÃO
0,SEQUESTRO E CARCERE PRIVADO CONSUMADO,UBERLANDIA,317020,11,2025,RISP 9 - UBERLÂNDIA,NÃO
0,SEQUESTRO E CARCERE PRIVADO TENTADO,UBERLANDIA,317020,11,2025,RISP 9 - UBERLÂNDIA,NÃO
4,ESTUPRO CONSUMADO,UBERLANDIA,317020,12,2025,RISP 9 - UBERLÂNDIA,NÃO
8,ESTUPRO DE VULNERAVEL CONSUMADO,UBERLANDIA,317020,12,2025,RISP 9 - UBERLÂNDIA,NÃO
0,ESTUPRO DE VULNERAVEL TENTADO,UBERLANDIA,317020,12,2025,RISP 9 - UBERLÂNDIA,NÃO
0,ESTUPRO TENTADO,UBERLANDIA,317020,12,2025,RISP 9 - UBERLÂNDIA,NÃO
3,EXTORSAO CONSUMADO,UBERLANDIA,317020,12,2025,RISP 9 - UBERLÂNDIA,NÃO
0,EXTORSAO MEDIANTE SEQUESTRO CONSUMADO,UBERLANDIA,317020,12,2025,RISP 9 - UBERLÂNDIA,NÃO
0,EXTORSAO TENTADO,UBERLANDIA,317020,12,2025,RISP 9 - UBERLÂNDIA,NÃO
1,FEMINICIDIO TENTADO,UBERLANDIA,317020,12,2025,RISP 9 - UBERLÂNDIA,NÃO
5,HOMICIDIO TENTADO,UBERLANDIA,317020,12,2025,RISP 9 - UBERLÂNDIA,NÃO
39,ROUBO CONSUMADO,UBERLANDIA,317020,12,2025,RISP 9 - UBERLÂNDIA,NÃO
4,ROUBO TENTADO,UBERLANDIA,317020,12,2025,RISP 9 - UBERLÂNDIA,NÃO
1,SEQUESTRO E CARCERE PRIVADO CONSUMADO,UBERLANDIA,317020,12,2025,RISP 9 - UBERLÂNDIA,NÃO
0,SEQUESTRO E CARCERE PRIVADO TENTADO,UBERLANDIA,317020,12,2025,RISP 9 - UBERLÂNDIA,NÃO
0,FEMINICIDIO CONSUMADO (REGISTROS),UBERLANDIA,317020,1,2025,RISP 9 - UBERLÂNDIA,NÃO
4,HOMICIDIO CONSUMADO (REGISTROS),UBERLANDIA,317020,1,2025,RISP 9 - UBERLÂNDIA,NÃO
0,FEMINICIDIO CONSUMADO (REGISTROS),UBERLANDIA,317020,2,2025,RISP 9 - UBERLÂNDIA,NÃO
8,HOMICIDIO CONSUMADO (REGISTROS),UBERLANDIA,317020,2,2025,RISP 9 - UBERLÂNDIA,NÃO
0,FEMINICIDIO CONSUMADO (REGISTROS),UBERLANDIA,317020,3,2025,RISP 9 - UBERLÂNDIA,NÃO
3,HOMICIDIO CONSUMADO (REGISTROS),UBERLANDIA,317020,3,2025,RISP 9 - UBERLÂNDIA,NÃO
0,FEMINICIDIO CONSUMADO (REGISTROS),UBERLANDIA,317020,4,2025,RISP 9 - UBERLÂNDIA,NÃO
7,HOMICIDIO CONSUMADO (REGISTROS),UBERLANDIA,317020,4,2025,RISP 9 - UBERLÂNDIA,NÃO
0,FEMINICIDIO CONSUMADO (REGISTROS),UBERLANDIA,317020,5,2025,RISP 9 - UBERLÂNDIA,NÃO
5,HOMICIDIO CONSUMADO (REGISTROS),UBERLANDIA,317020,5,2025,RISP 9 - UBERLÂNDIA,NÃO
0,FEMINICIDIO CONSUMADO (REGISTROS),UBERLANDIA,317020,6,2025,RISP 9 - UBERLÂNDIA,NÃO
2,HOMICIDIO CONSUMADO (REGISTROS),UBERLANDIA,317020,6,2025,RISP 9 - UBERLÂNDIA,NÃO
0,FEMINICIDIO CONSUMADO (REGISTROS),UBERLANDIA,317020,7,2025,RISP 9 - UBERLÂNDIA,NÃO
2,HOMICIDIO CONSUMADO (REGISTROS),UBERLANDIA,317020,7,2025,RISP 9 - UBERLÂNDIA,NÃO
1,FEMINICIDIO CONSUMADO (REGISTROS),UBERLANDIA,317020,8,2025,RISP 9 - UBERLÂNDIA,NÃO
8,HOMICIDIO CONSUMADO (REGISTROS),UBERLANDIA,317020,8,2025,RISP 9 - UBERLÂNDIA,NÃO
0,FEMINICIDIO CONSUMADO (REGISTROS),UBERLANDIA,317020,9,2025,RISP 9 - UBERLÂNDIA,NÃO
6,HOMICIDIO CONSUMADO (REGISTROS),UBERLANDIA,317020,9,2025,RISP 9 - UBERLÂNDIA,NÃO
0,FEMINICIDIO CONSUMADO (REGISTROS),UBERLANDIA,317020,10,2025,RISP 9 - UBERLÂNDIA,NÃO
6,HOMICIDIO CONSUMADO (REGISTROS),UBERLANDIA,317020,10,2025,RISP 9 - UBERLÂNDIA,NÃO
0,FEMINICIDIO CONSUMADO (REGISTROS),UBERLANDIA,317020,11,2025,RISP 9 - UBERLÂNDIA,NÃO
3,HOMICIDIO CONSUMADO (REGISTROS),UBERLANDIA,317020,11,2025,RISP 9 - UBERLÂNDIA,NÃO
0,FEMINICIDIO CONSUMADO (REGISTROS),UBERLANDIA,317020,12,2025,RISP 9 - UBERLÂNDIA,NÃO
4,HOMICIDIO CONSUMADO (REGISTROS),UBERLANDIA,317020,12,2025,RISP 9 - UBERLÂNDIA,NÃO
